age,sex,ratio_ch_good,TD,ASD,bw_alpha_mean,cf_alpha_mean,connectivity_alpha_mean,connectivity_beta_mean,connectivity_delta_mean,connectivity_gamma_mean,connectivity_theta_mean,entropy_alpha_mean,entropy_beta_mean,entropy_delta_mean,entropy_gamma_mean,entropy_theta_mean,exponent_mean,offset_mean,periodic_alpha_mean,periodic_beta_mean,periodic_delta_mean,periodic_gamma_mean,periodic_theta_mean,pw_alpha_mean,bankssts_lh_alpha_periodic,bankssts_rh_alpha_periodic,caudalanteriorcingulate_lh_alpha_periodic,caudalanteriorcingulate_rh_alpha_periodic,caudalmiddlefrontal_lh_alpha_periodic,caudalmiddlefrontal_rh_alpha_periodic,cuneus_lh_alpha_periodic,cuneus_rh_alpha_periodic,entorhinal_lh_alpha_periodic,entorhinal_rh_alpha_periodic,frontalpole_lh_alpha_periodic,frontalpole_rh_alpha_periodic,fusiform_lh_alpha_periodic,fusiform_rh_alpha_periodic,inferiorparietal_lh_alpha_periodic,inferiorparietal_rh_alpha_periodic,inferiortemporal_lh_alpha_periodic,inferiortemporal_rh_alpha_periodic,insula_lh_alpha_periodic,insula_rh_alpha_periodic,isthmuscingulate_lh_alpha_periodic,isthmuscingulate_rh_alpha_periodic,lateraloccipital_lh_alpha_periodic,lateraloccipital_rh_alpha_periodic,lateralorbitofrontal_lh_alpha_periodic,lateralorbitofrontal_rh_alpha_periodic,lingual_lh_alpha_periodic,lingual_rh_alpha_periodic,medialorbitofrontal_lh_alpha_periodic,medialorbitofrontal_rh_alpha_periodic,middletemporal_lh_alpha_periodic,middletemporal_rh_alpha_periodic,paracentral_lh_alpha_periodic,paracentral_rh_alpha_periodic,parahippocampal_lh_alpha_periodic,parahippocampal_rh_alpha_periodic,parsopercularis_lh_alpha_periodic,parsopercularis_rh_alpha_periodic,parsorbitalis_lh_alpha_periodic,parsorbitalis_rh_alpha_periodic,parstriangularis_lh_alpha_periodic,parstriangularis_rh_alpha_periodic,pericalcarine_lh_alpha_periodic,pericalcarine_rh_alpha_periodic,postcentral_lh_alpha_periodic,postcentral_rh_alpha_periodic,posteriorcingulate_lh_alpha_periodic,posteriorcingulate_rh_alpha_periodic,precentral_lh_alpha_periodic,precentral_rh_alpha_periodic,precuneus_lh_alpha_periodic,precuneus_rh_alpha_periodic,rostralanteriorcingulate_lh_alpha_periodic,rostralanteriorcingulate_rh_alpha_periodic,rostralmiddlefrontal_lh_alpha_periodic,rostralmiddlefrontal_rh_alpha_periodic,superiorfrontal_lh_alpha_periodic,superiorfrontal_rh_alpha_periodic,superiorparietal_lh_alpha_periodic,superiorparietal_rh_alpha_periodic,superiortemporal_lh_alpha_periodic,superiortemporal_rh_alpha_periodic,supramarginal_lh_alpha_periodic,supramarginal_rh_alpha_periodic,temporalpole_lh_alpha_periodic,temporalpole_rh_alpha_periodic,transversetemporal_lh_alpha_periodic,transversetemporal_rh_alpha_periodic
15.7,F,0.5,true,false,2.75228,7.62613,0.350363,0.343855,0.331379,0.343354,0.333885,0.577904,0.720846,0.459421,0.84983,0.515786,0.758487,-24.2188,0.21613,0.0571903,0.156364,0.0620865,0.0666922,0.365598,-0.00658913,0.00143966,-0.0181356,0.0522865,0.0878391,-0.115955,0.0176628,0.175601,0.0673925,0.0339051,-0.0657675,-0.0866266,0.140939,0.00998013,0.439721,-0.00471085,0.245978,0.181316,0.0256645,0.152007,0.0541382,0.0148157,0.00992687,0.0554673,0.243518,0.00161912,0.0888512,0.0990323,0.0126373,0.0121799,0.0874493,0.165729,0.454323,0.0370024,0.440047,0.221459,0.187176,-0.0696711,0.0155955,-0.0129706,-0.0447982,-0.0093225,0.0552747,0.0924252,0.0780364,0.172836,0.517662,0.147666,-0.0582774,0.45156,0.274483,0.284556,0.0033333,0.196892,-0.0226487,0.29577,0.162639,-0.0327885,-0.0393071,0.235029,0.03423,0.0223529,0.34193,0.0893684,0.0261551,0.171045,-0.0798873,0.0956164
8.4,F,0.49,true,false,3.40207,5.8936,0.370265,0.347324,0.348343,0.347863,0.328225,0.57354,0.725896,0.459055,0.847741,0.516413,0.793616,-22.5298,0.021961,0.0645487,0.328485,0.190106,0.138232,0.402831,0.17225,0.119637,0.206304,-0.00866773,0.0371589,0.133572,0.143222,0.364617,-0.0440975,-0.0279279,-0.0741576,0.13427,-0.017687,0.035697,0.305142,0.0216111,-0.0735637,0.0174359,0.0313547,0.315248,0.198685,0.305638,0.0185111,-0.00580589,0.0241852,0.0477242,0.182931,-0.0411823,0.236043,-0.0718671,0.114735,-0.129097,0.415673,0.331468,0.0951228,0.0523459,0.0410762,-0.00463587,0.0553897,0.148475,-0.0425783,-0.14451,0.185915,0.0238036,0.257568,0.0927574,-0.0102154,0.219506,0.229908,0.27872,0.256827,0.406407,0.035012,0.018141,0.245497,0.223069,-0.117266,0.110492,0.333749,0.216232,0.0159191,0.144541,0.00675576,0.257359,0.0957583,0.0127772,-0.13957,0.0348937
9.6,F,0.64,true,false,3.01102,10.4172,0.352713,0.343818,0.321368,0.34745,0.323242,0.573153,0.715861,0.45926,0.845734,0.514938,0.742492,-23.8468,0.151786,0.0550088,0.156021,0.104678,0.117959,0.286569,0.0931188,0.0117895,0.0922651,0.271946,0.0565393,0.141824,0.274397,0.404714,0.192186,0.0905224,-0.0323691,-0.0539168,-0.0500724,0.0306657,-0.167,0.208837,0.0170714,0.0644836,0.0825245,0.379034,0.0510062,0.184583,0.102946,0.272873,-0.00171826,0.153282,0.227267,0.206676,0.0339831,0.0368529,0.139493,0.181055,0.346184,-0.0916125,-0.0934125,-0.0100015,0.0442662,-0.0522238,0.141499,-0.103298,0.13278,0.0759183,0.162202,0.081665,0.404147,0.0324859,0.275074,0.0710351,0.0887341,0.221351,0.125479,0.417158,0.0420964,0.0812199,-0.136112,0.0640526,0.31621,0.150901,0.199078,0.116546,0.159644,0.108851,0.378202,0.0538395,0.12512,0.20918,-0.133536,0.00937498
6.8,M,0.52,true,false,2.07485,7.09943,0.356258,0.344768,0.328969,0.351189,0.330582,0.573116,0.717188,0.458732,0.848445,0.514776,0.83234,-23.8745,0.0682091,0.0481282,0.137414,0.153119,0.0857308,0.294237,-0.051069,0.0164444,0.0950293,0.169965,0.0201326,0.0710768,0.16167,0.397019,-0.0611325,0.0074717,-0.114672,0.0687944,0.0832112,0.230804,0.0295946,0.138727,-0.0154419,0.0342049,0.347266,0.0500529,0.0981767,0.207699,-0.0153545,0.39425,-0.0889107,-0.137895,0.134158,0.0378771,-0.013697,0.0777263,-0.0674591,0.0661318,0.300143,0.161237,0.0676211,0.159095,0.0689126,0.170677,-0.0217648,-0.0253376,0.13168,-0.0435231,0.390604,-0.0280428,0.230957,0.0914314,0.245582,0.38717,0.236188,0.164836,0.478052,0.419185,-0.0467963,0.0351012,0.0104502,-0.0628475,0.24501,0.174116,0.0901778,0.271164,0.076796,0.0209896,-0.00959151,0.0775965,0.170578,-0.159745,-0.0658011,0.113904
8.2,F,0.64,true,false,2.27488,8.98563,0.359645,0.342148,0.337095,0.368116,0.335168,0.573738,0.719479,0.459078,0.8495,0.519731,0.897657,-23.8005,0.0529119,0.0372941,0.18433,0.130998,0.0627371,0.479783,0.140207,-0.0156353,0.0709703,0.100741,0.184143,-0.0830891,0.173301,0.434211,-0.000632891,0.0174442,0.286143,-0.0223973,0.235216,-0.073092,0.0718368,0.141323,0.0593204,0.207302,0.152865,0.0225654,0.129952,0.257245,0.0120499,0.0985878,0.0578607,0.0142206,0.194938,0.169403,-0.0327381,0.0257714,0.00248715,0.15978,0.608116,0.0802733,0.139245,0.0399248,0.181855,-0.0231383,0.119525,-0.0968074,-0.0422808,-0.104345,0.324194,0.12911,0.507017,0.16819,0.301911,0.165623,0.205803,0.297677,0.187075,0.505684,0.20697,-0.0828218,-0.147321,0.180335,0.168158,0.00645261,0.383415,0.44767,-0.113616,0.0584897,0.355649,-0.0214944,0.18135,0.188172,-0.108796,0.0260265
16.5,F,0.51,true,false,2.52053,8.78966,0.360791,0.347561,0.326889,0.350758,0.327163,0.575345,0.720135,0.459629,0.848268,0.516577,0.898297,-24.3132,0.275728,0.0540556,0.217394,0.0453181,0.00206426,0.307319,-0.00497354,-0.0682026,0.102085,-0.029469,0.113271,-0.265155,0.0729113,0.138879,0.0311654,0.220454,0.190916,-0.0283238,0.0341724,-0.0305433,0.113128,0.144967,-0.134256,0.0322152,0.0726133,0.189549,0.166492,0.172247,0.16871,0.193918,0.0128734,0.249661,0.057389,0.304714,0.000362192,0.0436607,0.170533,0.0498412,0.15945,0.175964,0.0176554,0.28979,-0.0563544,0.0603528,0.0107372,0.0363935,0.29862,0.0507235,0.201601,0.588285,0.256621,0.270855,0.242751,0.337424,0.0995483,0.374842,0.308565,0.737114,0.0105585,-0.020663,0.0402145,0.00579971,0.121207,0.209271,0.246773,0.261506,0.100453,0.356072,0.0395234,0.078615,0.170889,-0.0173649,0.0281526,0.0921654
17.0,M,0.54,true,false,2.17441,9.24669,0.356729,0.349152,0.325092,0.357695,0.319816,0.575491,0.72169,0.459391,0.847083,0.518622,0.852551,-24.1007,0.220921,0.0201288,0.207821,0.0602687,0.102956,0.623761,-0.0999538,0.219885,0.0253485,0.217661,0.104008,0.103668,0.132897,0.228884,0.24222,0.130475,0.180092,0.124963,0.170266,0.175175,0.164413,0.105074,0.193025,0.170537,0.119804,0.00441948,0.604997,0.237124,0.242121,-0.091983,0.166505,0.121964,0.111544,0.234799,0.0713768,-0.122166,0.132569,0.0297248,0.310063,0.0216804,0.180366,0.0391401,-0.0402649,0.0622008,-0.112379,0.00221392,-0.0707826,0.0757842,0.258043,0.419379,0.246704,0.0626314,0.264521,0.35906,0.562366,0.27121,0.385515,0.349986,0.116382,-0.0298136,-0.0253593,-0.0267954,0.24369,0.190948,0.417251,0.349403,0.0833888,0.0230979,0.101028,0.112754,0.271803,-0.0593334,-0.0605877,0.108671
13.6,M,0.54,true,false,2.16722,7.78928,0.369221,0.340528,0.328004,0.34549,0.325954,0.575137,0.71945,0.459535,0.847701,0.514031,0.975412,-23.6643,0.0913192,0.0287121,0.248431,0.0942032,0.120281,0.568619,0.0882043,0.104304,-0.0139207,0.10211,-0.0255937,-0.0354736,0.699544,0.137321,0.0457571,-0.0590643,-0.0511887,0.127721,0.0234473,0.0810692,-0.0228141,0.0204516,-0.113691,0.298345,0.149071,0.0509339,0.290583,0.132928,0.118147,0.0957379,0.0491208,0.07632,0.165347,0.0560284,0.0881647,-0.0273546,0.142897,0.0449566,0.336152,0.389507,0.0857164,0.156762,-0.0724481,0.17344,0.000199295,0.0709557,0.0143882,-0.0137003,0.45005,0.265941,0.0170012,0.0220313,-0.0354172,0.161038,0.0927512,0.127544,0.0145224,0.161632,0.173646,-0.0127017,0.0545453,0.0909369,-0.00366069,0.203282,0.202238,0.218621,-0.0937545,-0.127848,0.443468,0.35425,0.0817077,-0.0517394,0.0224069,0.151825
16.2,F,0.46,true,false,2.7089,9.42845,0.344803,0.343986,0.332308,0.342627,0.333487,0.5754,0.723484,0.459318,0.848183,0.515113,0.509151,-23.9062,0.0236455,0.0590094,0.200005,0.0604621,0.00215134,0.265333,-0.0765917,0.0555489,0.237097,0.0991872,-0.0326473,-0.0708852,0.168991,0.256188,0.368107,-0.00371112,-0.0994967,0.104415,0.125233,0.0521593,0.00573499,0.0836947,0.0461105,0.162595,0.104157,0.0379129,0.310621,0.272156,-0.00634066,0.109814,0.081131,0.0802952,0.0506861,-0.00519612,0.0308976,-0.03961,0.0288915,0.187505,0.372462,0.168827,0.159883,0.0723518,-0.147559,0.0051806,-0.144234,-0.0910079,0.158327,0.142343,0.366249,0.399124,0.28674,0.236072,0.185974,-0.0771913,0.0344639,0.558238,0.238562,0.445406,0.0232246,0.213772,0.165766,0.000671662,0.163903,0.253269,0.448541,-0.00298716,-0.0256554,0.151819,-0.0682381,0.0857265,0.0203533,0.240783,-0.232007,0.0387487
16.1,F,0.55,true,false,1.90345,9.49183,0.351088,0.358588,0.326093,0.346041,0.34131,0.576424,0.718738,0.459263,0.848044,0.517284,0.5263,-23.7453,0.119017,0.00216651,0.0266353,0.0875847,0.0485251,0.319086,0.175944,0.386564,-0.0180464,0.148882,-0.0744499,0.00598936,0.185152,0.167046,0.0325544,-0.0908298,0.112191,0.152614,0.299905,0.189414,0.36431,0.0720774,-0.022412,0.0355683,-0.0466638,0.0507012,0.30804,-0.0081682,0.0259599,0.168469,-0.0945419,-0.00865755,0.150885,0.0587486,0.247861,-0.18477,0.18008,0.0250918,0.575778,0.240152,0.00651512,0.235584,0.1955,0.0526517,-0.0538331,-0.0639834,0.183865,0.104112,0.541227,0.0719622,0.125382,0.0151011,0.202259,0.256013,0.187387,0.237751,0.40828,0.298889,0.212975,0.0182745,-0.0215336,0.0441925,0.145376,0.104761,0.143247,0.51294,0.0598384,0.140309,0.0134943,0.107576,0.179074,0.0619546,0.0364252,-0.0247846
17.1,F,0.49,true,false,1.707,6.89377,0.35642,0.344462,0.332377,0.344347,0.335127,0.576194,0.716073,0.458371,0.848817,0.515068,1.05279,-23.3191,0.0114585,0.0399349,0.128158,0.0866001,-0.00481785,0.267306,0.0607615,0.0391288,0.175986,-0.0957178,0.0488568,0.124773,0.0935987,0.308554,0.235958,0.032427,-0.114262,-0.00924571,-0.0616781,-0.0185658,0.198654,0.0572772,-0.00495608,-0.0390287,-0.0602465,0.305326,-0.0656049,0.0888252,0.0198395,-0.0788322,0.367393,0.0673149,0.124389,0.244732,-0.0148169,0.0871297,0.0423921,-0.0784945,0.342127,0.232854,0.00244841,0.230922,-0.166778,0.012822,0.188277,0.256932,0.0390486,0.16341,0.184751,0.38763,0.115909,0.221714,0.177357,0.219101,0.357603,0.10268,0.439763,0.439928,0.0211968,0.0436854,0.0589655,0.0561708,0.0860589,0.0492714,0.47568,0.359636,0.0632686,-0.0518554,0.129929,0.00969147,0.242044,0.26694,-0.0765463,0.0739083
6.2,F,0.48,true,false,3.15396,6.29788,0.36914,0.347068,0.344597,0.347379,0.337173,0.574808,0.723174,0.458974,0.846514,0.514084,1.3522,-24.5014,0.0216348,0.0214969,0.263172,0.0563167,0.16571,0.50587,0.038514,0.261945,0.185818,-0.0393407,0.115847,0.147508,0.198684,0.217342,0.0167329,0.0523369,0.1617,-0.081557,0.132139,0.0863312,0.226014,-0.10858,-0.118652,-0.0268574,-0.0553695,-0.0964341,0.27293,0.101092,-0.0198336,0.0964262,0.017963,-0.0254341,0.0423151,0.179295,-0.0404191,0.134691,0.155872,0.0600743,0.191561,0.0930145,0.230532,0.0512961,-0.0351478,0.0482437,0.164714,-0.0750402,-0.0538514,-0.00400396,0.374029,0.132026,-0.0275281,0.101258,0.264994,0.186607,-0.0261424,0.476655,0.127276,0.376712,0.151799,0.0685838,-0.0287487,0.0690385,0.154177,0.152495,0.242201,0.0255432,0.0230915,-0.0771552,0.284491,0.0665397,-0.0365795,0.128152,0.0641988,0.183116
10.7,F,0.56,true,false,2.44342,7.67221,0.346062,0.341556,0.312642,0.343233,0.324056,0.572176,0.717539,0.459214,0.847653,0.514552,0.753254,-23.7182,0.15032,0.0423658,0.10783,0.0992726,0.0900115,0.378821,0.312914,0.24445,0.148878,0.0715046,0.136174,0.06332,0.106334,0.0826539,0.0109476,0.191949,-0.0115829,0.241309,-0.000217737,-0.0393937,0.115904,0.0267878,0.0822386,0.0753874,0.206882,0.0670501,0.244026,0.184133,0.125873,0.208413,-0.0250547,-0.028149,0.263094,0.0682931,0.0462496,0.144801,0.0347847,0.154754,0.275415,0.0577799,0.0245221,0.228916,-0.081925,0.313721,0.152591,0.0343902,-0.0340884,-0.0582198,0.0924495,0.124591,0.240914,0.407914,0.336554,-0.0676882,0.530964,0.1896,0.367301,0.245229,0.0464959,0.185287,-0.0178014,0.204932,0.0671338,-0.0588354,0.207575,0.294305,-0.000846658,-0.00257443,0.374021,0.0649795,0.0711312,0.156194,0.217786,-0.0233765
15.6,M,0.64,true,false,3.27069,11.7987,0.379285,0.348157,0.325446,0.359882,0.324739,0.57376,0.71576,0.459107,0.845948,0.515033,0.791504,-24.3564,0.0114925,0.0120453,0.106839,0.0652438,0.00022787,0.408287,0.0330185,0.115486,0.103413,0.235511,0.0452567,0.0847443,0.40153,0.260356,-0.106417,0.27259,0.171591,-0.00168174,0.246604,0.063065,0.287812,0.226457,0.00545953,0.223646,0.221439,0.0101203,0.50984,0.279662,0.0321266,0.142673,0.0391562,-0.125742,0.210669,0.307607,0.18772,-0.100307,0.15984,0.0509707,0.232498,0.0911273,0.134291,0.0845878,-0.00970411,-0.0425126,0.0542114,0.0374328,0.00267617,0.0467413,0.343609,0.293611,0.48081,0.126643,0.0616611,0.160317,0.234865,0.167834,0.340471,0.427841,0.143044,0.165894,-0.0472934,-3.45441e-05,0.00908138,0.0805888,0.173133,0.625833,0.241948,-0.0571387,0.262927,0.190653,0.0483519,0.147227,0.00644189,0.019135
15.9,F,0.56,true,false,2.10723,9.52676,0.374639,0.351501,0.325729,0.342015,0.337225,0.575179,0.72071,0.458671,0.848759,0.514274,1.03736,-24.3871,0.0702329,0.0362566,0.181344,0.0634421,0.0124177,0.327854,-0.0284022,0.0377092,0.0865007,0.132908,0.233987,0.0545005,0.0117305,0.371216,-0.0761719,0.175473,0.0760172,0.0902715,0.0609187,0.0174652,0.0938291,0.0736191,0.402054,0.280701,0.00841052,0.27966,0.278972,0.303499,0.329798,0.07343,0.0934614,0.109178,0.196384,0.141164,0.183341,-0.0211137,0.0624495,0.228763,0.0997747,0.156998,0.27509,0.0268113,0.0466723,0.0586683,-0.0227228,0.100899,0.0583827,-0.0760724,0.116113,0.295063,0.315606,0.133654,0.223123,0.219895,0.119608,-0.0106638,0.112062,0.142031,0.2196,0.153666,0.0468198,-0.0446992,0.251448,0.236076,0.0831113,0.792851,0.183374,0.0128665,0.0914712,0.342051,0.0807883,-0.0190908,0.239968,0.0241062
17.4,F,0.46,true,false,1.9477,7.40567,0.342386,0.351424,0.299732,0.351125,0.350271,0.57528,0.718743,0.45863,0.847643,0.516136,0.89906,-25.1336,0.172038,0.0350455,0.19773,0.104315,0.047596,0.294994,0.102029,0.0340969,0.16143,0.0733636,0.0712191,0.519464,0.233505,0.408442,0.428807,0.116822,-0.0374265,0.0258337,0.172691,0.208593,0.0283839,0.314806,0.0564833,0.187121,0.163347,-0.0438062,0.0209963,0.0900737,0.138561,0.21284,0.0324955,0.0186457,0.30078,0.279793,0.0817349,-0.0927203,-0.0973622,0.242516,0.0182237,0.0768513,0.178567,0.2613,0.037463,0.0397695,0.0234581,0.0358613,0.197708,0.161751,0.0172554,0.260761,0.569185,0.132323,0.296042,0.0334104,0.505885,0.0914898,0.291121,0.524176,-0.043387,0.0577672,0.00830764,0.0971229,0.0285598,0.058765,0.372501,0.118244,0.10534,0.381987,0.231935,0.0911798,0.0598447,-0.0526553,-0.0744611,0.388003
9.9,F,0.59,true,false,1.97314,9.48477,0.352062,0.346889,0.330883,0.366889,0.330296,0.576322,0.720042,0.459968,0.848566,0.516065,0.836413,-24.2733,0.00271509,0.0206317,0.132453,0.103478,0.0823169,0.369506,-0.045345,-0.0879098,0.150392,0.264577,0.183479,0.0043107,0.290918,0.430178,-0.149187,0.0535331,-0.0617342,-0.0552898,0.129889,0.15395,0.124775,0.0487033,0.029482,0.0347915,0.186661,0.126314,0.108488,0.286344,0.0570214,0.179797,0.0511571,-0.0404356,0.141173,0.184368,0.00606758,0.184822,0.108334,0.0407083,0.0195945,0.219334,0.112818,0.0306161,-0.0197,-0.0341172,0.141747,0.218948,0.0168335,0.0547924,0.454413,0.271172,0.474976,0.121236,0.141446,0.107474,0.158332,0.284816,0.194181,0.519031,-0.0250287,-0.0851939,-0.0662392,-0.0689577,0.112878,0.101047,0.569876,0.260954,0.182302,-0.0384652,0.0271133,0.0150065,-0.0581949,0.095052,-0.0446398,0.0197093
7.8,F,0.48,true,false,2.90672,7.28608,0.354953,0.343915,0.353099,0.344259,0.325815,0.573001,0.723768,0.458333,0.847014,0.515026,1.05474,-23.5085,0.086767,0.0194024,0.26568,0.117244,0.0778162,0.243372,0.0212841,0.225455,0.0946563,0.289464,0.358579,0.0327675,0.186788,0.1475,-0.0735623,0.176082,-0.0370922,0.207726,0.0304555,0.0684376,0.126881,0.181423,-0.00638061,0.114448,0.00261004,0.103615,0.0221999,0.192643,0.149228,0.122719,0.0448153,0.204153,0.24682,0.210315,0.148497,-0.0479371,-0.0653229,0.110785,0.18618,0.224172,0.19815,0.0433617,-0.052371,-0.0503923,0.0831246,0.0031327,0.0703927,0.0725568,0.172755,0.0300548,0.0562449,0.0291834,-0.000389549,0.149622,0.0508876,0.336173,0.526867,0.120033,-0.050459,-0.0288274,-0.0535804,0.0663021,0.20171,0.108642,0.161719,0.131002,0.142729,-0.0163216,0.344465,0.004567,0.0300137,0.114379,0.153241,-0.00355279
13.0,M,0.54,true,false,2.00145,9.07099,0.364618,0.349448,0.325916,0.350904,0.333625,0.576082,0.718411,0.458465,0.849299,0.516008,0.733717,-23.5085,0.124089,0.02522,0.135122,0.108787,0.141458,0.411204,-0.123769,0.243006,0.240067,0.154382,0.0154607,0.00269322,0.47473,0.207572,0.29082,-0.132147,0.0507693,0.0310526,0.0884758,-0.076361,0.143395,0.0702373,-0.0520313,0.112602,-0.0609016,0.0701161,0.336221,0.30207,-0.053411,0.165239,0.0817174,0.0965386,0.187224,0.0143926,0.0564067,0.0444536,-0.0403918,0.163492,0.144234,0.062799,0.150398,0.0604453,0.144395,0.0523722,0.115048,0.167278,0.221254,0.20017,0.316291,0.164073,0.113597,0.157923,0.264832,0.458231,0.104447,0.386557,0.581318,0.0570452,0.0941099,-0.0241154,-0.0175188,0.15994,0.139552,0.232574,0.124659,0.201185,-0.0603572,-0.1388,0.195779,-0.101038,0.0210669,0.102925,0.0260504,-0.0135288
11.8,F,0.59,true,false,2.03589,7.22202,0.342754,0.35878,0.327833,0.34433,0.337134,0.574048,0.723575,0.459115,0.847577,0.517611,0.552316,-23.9971,0.0333937,0.0697848,0.12344,0.120229,0.202402,0.236612,0.368719,0.0964281,0.110034,0.0862361,-0.106094,0.234878,0.252411,0.0854157,-0.022315,0.00660729,0.0599069,0.227652,-0.0227045,-0.0110339,0.252572,0.0220015,0.0459784,-0.0753205,-0.05278,-0.0764992,0.071355,0.173345,0.0962119,0.24215,0.275558,0.122372,0.0548552,0.113607,0.139785,0.00637279,0.363369,0.143379,0.126528,0.227607,0.000772921,0.197964,-0.0169518,0.152742,0.158236,0.0343407,0.186156,-0.0419223,0.140221,0.585255,0.0822255,0.0655219,0.280167,0.121004,0.642821,0.290752,0.328762,0.159322,0.163777,0.0160327,-0.0268406,0.0194686,-0.129456,0.281718,0.356742,0.717206,-0.0138263,-0.0234313,0.130079,0.188403,0.0347899,0.219729,0.264282,0.0444217
15.5,M,0.54,true,false,2.1301,6.7316,0.385327,0.34071,0.350785,0.347582,0.328485,0.572443,0.71877,0.458986,0.849192,0.515295,1.28281,-23.5624,0.139969,0.0364299,0.172591,0.0645956,0.0955353,0.341037,0.172511,0.211273,0.205823,0.122768,-0.0149223,0.115534,0.790278,0.259241,-0.0289128,-0.0346217,-0.165264,0.0516452,0.174867,0.0609014,0.125057,0.159068,0.188909,0.303724,0.04391,0.414839,0.328636,0.307054,0.310443,0.239374,0.0742543,0.0948978,0.0913602,0.279735,0.134398,0.0084408,0.050712,0.183745,0.0394911,0.295798,0.122074,0.182251,-0.0057554,0.0470498,0.0389747,0.251616,0.107573,0.0542955,0.449806,0.457881,0.172216,0.272233,0.132832,0.328172,0.133309,0.336229,0.180436,0.567548,0.0717604,0.0159257,-0.117576,-0.0447835,0.08092,0.123663,0.40636,0.159881,0.0557766,-0.0621379,0.168357,0.183161,-0.0150681,0.0948106,0.017148,0.0113065
8.5,M,0.46,true,false,2.05558,9.45714,0.349266,0.349165,0.343855,0.350413,0.33865,0.572385,0.721037,0.458398,0.848467,0.514551,0.428689,-23.7955,0.294577,0.0531048,0.111991,0.086918,0.268322,0.512293,0.154791,0.0724939,0.120009,0.0564056,-0.0713209,0.247853,-0.0313911,0.231692,-0.0172351,0.181903,0.0262741,-0.141061,0.041337,0.166029,0.152429,0.34085,-0.0850276,-0.0131351,0.133383,0.0443712,0.142883,0.157961,0.136329,0.2121,0.187206,0.0340697,0.414329,-0.0610247,-0.0691268,0.0694945,0.253584,0.0531051,0.164079,0.149253,0.290564,-0.0174806,-0.0209145,-0.00874036,0.00262271,-0.114895,0.0402107,0.110542,0.304035,0.37616,0.119007,0.254266,0.236204,0.0974,0.0956045,0.103404,0.180655,0.11609,0.00402102,-0.0750354,-0.13864,0.122999,-0.076421,0.057978,0.0796928,0.103907,0.0940876,-0.0605674,0.346659,0.038355,0.217856,-0.0181597,0.085272,0.160835
13.3,F,0.63,true,false,2.4457,10.8997,0.356213,0.345552,0.304555,0.347651,0.334106,0.574827,0.724802,0.459171,0.847551,0.518473,0.915906,-23.234,0.120056,0.0427449,0.100611,0.0775414,0.175399,0.305369,0.172094,0.13443,0.00903912,0.211733,0.108753,0.157603,0.124342,0.070278,-0.0157731,0.0319031,-0.0708479,0.330317,0.192832,-0.0240777,0.330709,0.124264,0.0907667,0.313618,0.0887703,0.260608,0.103705,0.195059,0.198472,0.13951,0.00151136,0.00180444,0.204818,0.190525,0.0651169,0.182741,-0.00678524,0.208462,0.286029,0.265676,0.0103411,0.230149,0.0791593,-0.184196,0.0230323,0.244357,-0.0437661,-0.0940521,0.748297,0.401508,0.192248,0.142545,0.242905,0.107475,0.494113,0.0113121,0.435372,0.395817,0.0577862,0.261746,0.283112,0.0882731,0.1507,-0.135252,0.471812,-0.037534,0.120499,0.080294,0.268241,0.29823,0.0284773,-0.0905915,0.046826,0.35922
8.0,M,0.48,true,false,1.84776,7.48003,0.346817,0.347602,0.332949,0.348366,0.332402,0.57408,0.723543,0.459191,0.848681,0.51611,0.671543,-23.457,0.126991,0.0137729,0.326712,0.0810601,0.059704,0.380307,0.0640559,0.337154,0.0698219,0.107571,0.15086,-0.0162019,0.734035,0.168277,0.046133,0.100522,-0.0725709,-0.0348588,0.129783,0.14303,-0.0296875,0.0241664,-0.00114389,-0.0343849,-0.020688,-0.0521204,0.0747285,-0.0347615,0.235575,0.4524,0.0519299,-0.0800791,-0.116023,0.412103,0.0629921,0.0491915,0.210902,-0.151175,0.138428,0.424702,0.154065,0.147733,-0.0636229,0.0978157,-0.0151568,0.0504925,-0.0487852,0.0281838,0.0172611,0.324837,0.367338,0.15296,0.0813285,0.458665,0.016857,0.209485,0.506865,0.498726,-0.0611218,-0.107268,0.0286414,0.112127,0.0945118,-0.0806371,0.0718253,0.216007,0.297732,0.121829,0.0723688,0.144599,0.0279183,-0.084913,-0.129276,0.0347487
18.0,F,0.5,true,false,1.74001,9.9923,0.351987,0.342345,0.328027,0.341295,0.339242,0.574953,0.720681,0.458838,0.84903,0.517114,0.485376,-24.0929,-0.0769141,0.0732031,0.146994,0.0928575,0.126248,0.368891,-0.0126333,-0.0350859,0.0736568,0.0610095,0.158549,0.0491816,0.062347,0.184047,0.0181512,0.0185299,0.0340935,-0.0250871,0.0875575,0.119224,0.0599976,0.0349983,0.130833,0.0722235,-0.0344965,0.0547987,0.184422,0.176717,0.214695,0.119719,-0.0456355,0.219001,0.140827,-0.0841318,0.206267,-0.0716511,0.159576,-0.0411096,0.496959,0.0556392,0.0584752,0.148316,0.00483305,-0.0629968,0.138966,0.018137,0.0759363,-0.0910112,0.125909,0.482676,0.229592,0.154643,0.169489,0.125864,0.139193,0.28927,0.112635,0.0812512,0.201682,0.134279,-0.0126181,0.0818401,0.242845,0.0646111,0.293565,0.133937,0.050878,0.148837,0.0926344,-0.125598,-0.0948343,-0.0207148,0.0954182,0.107018
7.8,M,0.65,true,false,3.00757,9.30061,0.346599,0.343913,0.330814,0.349969,0.340709,0.574058,0.71764,0.459651,0.847932,0.515474,1.03198,-24.249,0.00130284,0.0156774,0.278667,0.0615313,0.112717,0.392586,0.162424,-0.0221098,-0.0081817,0.0313069,-0.00516226,0.0839161,0.252547,0.394959,0.0539931,-0.0484246,-0.0750898,0.0651192,0.189549,0.140166,0.0436412,0.126611,0.0847831,-0.00700801,-0.0186942,0.00554664,0.0819839,0.293698,0.226782,0.119208,0.153742,0.254656,0.230951,0.295546,-0.161175,0.0590621,0.00669241,0.047693,0.150345,0.0366247,0.0178926,0.1736,-0.0549472,-0.0472799,0.0995581,-0.0251825,0.0381011,0.0844914,0.123808,0.459284,0.375031,0.280753,0.181709,0.206707,0.225634,0.129356,0.30987,0.647509,0.058211,0.164367,-0.0875991,0.157175,0.202266,0.151509,0.292422,0.344734,-0.048262,0.173963,0.276123,0.239281,-0.0435416,0.0564367,0.0328561,0.162393
8.7,F,0.58,true,false,3.08403,4.8602,0.347143,0.342925,0.315119,0.348567,0.328089,0.573971,0.71673,0.459161,0.846899,0.516413,0.658128,-24.3893,0.0497021,0.0363639,0.0898096,0.0859549,0.020994,0.198958,0.00299157,-0.103948,0.0114576,0.202675,0.126799,0.0197025,0.0762871,0.191808,0.268422,0.221829,0.00741986,-0.0645244,-0.167753,0.165596,-0.0515186,0.0584234,0.00713955,0.100663,0.0302112,0.207266,0.221253,0.409967,0.0751606,0.201935,0.0108167,0.128994,-0.0406728,0.487833,0.119968,-0.0184835,-0.14523,0.0946694,0.108631,0.463176,-0.0632806,-0.0186891,0.214865,0.0882714,-0.00925526,-0.0799159,0.0162927,-0.182926,0.0764482,0.334471,0.150663,0.0866811,0.184533,0.0518287,0.19725,0.259064,0.124928,0.45964,0.0404498,0.0404623,0.0620229,-0.00898271,0.373774,0.135068,0.127355,0.532099,0.0219818,0.0752458,-0.0774442,0.158297,-0.0858562,-0.0297347,-0.0661957,0.135034
17.9,M,0.5,true,false,1.66563,10.2134,0.358085,0.347083,0.322305,0.349341,0.342276,0.571641,0.718771,0.459344,0.847908,0.515893,0.966771,-24.1375,0.0058669,0.0537992,0.172638,0.069484,0.156577,0.253757,-0.00881957,0.0590697,0.0791889,0.0445911,0.00231664,0.0644846,0.270264,0.106731,0.164953,0.147054,-0.042948,-0.0701196,0.304876,0.186757,0.20296,0.168677,0.28347,0.216189,-0.04592,-0.125769,0.304072,0.353165,0.0864068,-0.0706349,-0.199756,-0.0980754,0.204581,0.258687,-0.0772442,0.0936396,0.0238048,0.122727,0.434585,0.109374,0.210282,-0.0425426,0.177335,0.18269,-0.0726703,-0.0205795,0.196749,-0.0127361,0.157971,0.707174,-0.00819118,0.147082,0.141337,0.220816,0.30365,0.0428539,0.60294,0.26109,0.16541,0.25289,0.0497493,-0.0583082,-0.0618512,0.0424044,0.519446,0.124453,0.144651,-0.102652,0.187562,0.0193434,0.300793,0.0479874,0.329965,-0.0326176
17.0,F,0.56,true,false,2.30067,8.77334,0.355417,0.344032,0.325813,0.350298,0.329569,0.575816,0.719846,0.45895,0.847363,0.515852,0.477481,-22.7869,0.101579,0.0522622,0.171583,0.0518114,0.110644,0.263484,0.120125,0.087837,0.188074,0.00845931,0.142976,-0.0260434,0.230972,0.251153,0.0875071,0.227195,0.0642908,-0.0229295,0.138436,0.306294,0.102117,0.0253034,0.470115,0.18908,0.0671939,0.241842,0.331895,0.045057,0.136687,0.0739162,0.400737,0.11842,0.121768,-0.0180797,0.00105426,0.0195552,-0.0535972,0.0316242,0.0807228,0.039395,0.0628545,-0.148563,-0.127704,0.0328061,0.154522,-0.111239,0.243116,0.00849084,0.482066,0.328895,0.0925379,0.148804,0.077507,0.325348,0.190892,0.384523,0.277817,-0.0733432,0.209234,0.293595,0.0409896,-0.0436529,-0.0744963,0.185007,0.428337,0.246805,0.0788691,-0.00470289,0.0113433,0.166802,0.0891347,-0.0628191,0.082924,-0.00584829
11.0,M,0.61,true,false,3.39453,9.01038,0.345871,0.351794,0.324344,0.345451,0.324952,0.574082,0.718615,0.459635,0.846306,0.517875,1.11449,-23.5462,0.0891426,0.0339365,0.141123,0.114744,0.0831884,0.324388,0.0426953,0.00444439,0.1585,0.026885,0.00993405,-0.0213278,0.414671,0.209887,0.424348,0.0234118,-0.0611995,-0.133459,0.073398,0.0211487,-0.0366364,-0.0630763,0.193744,-0.0926814,0.0561734,-0.0325992,0.122876,0.272295,0.172492,0.217346,0.00942756,-0.0826587,0.0854456,0.0277211,0.228527,0.104943,-0.11283,-0.116371,0.483014,0.412932,0.212393,0.0898119,0.0357572,0.245379,0.119339,0.0167437,0.0385937,-0.00751077,0.326225,0.349249,0.387642,0.277042,0.0475247,0.342225,0.150137,0.104507,0.303395,0.229633,-0.0357414,0.104549,0.0503243,0.0143248,0.0391068,0.0605019,0.12244,0.414497,0.15582,-0.15873,0.294309,0.193882,0.200492,-0.0133639,0.120056,0.231165
12.1,M,0.57,false,true,2.53226,9.3275,0.350769,0.353345,0.326838,0.34144,0.323121,0.575613,0.717032,0.459529,0.849128,0.513967,0.630234,-23.7114,-0.00168132,0.024074,0.191858,0.0804805,0.0962739,0.355266,-0.110266,-0.0839764,0.214582,-0.117447,-0.0155891,-0.027789,0.162418,0.164879,0.166887,0.0598925,0.0361619,0.060688,0.106118,0.0289437,0.160588,0.313835,0.0736816,0.0840588,0.248516,0.215112,0.19538,0.147164,0.207696,0.630111,-0.0410318,-0.111911,-0.00321165,-0.0140879,0.0109523,-0.0222584,-0.102205,0.141006,0.106774,0.357734,0.00571123,0.103893,-0.123954,0.0986957,0.115717,0.0053317,0.0985355,0.0730755,0.0124393,0.0683406,0.304816,0.115686,-0.0420244,0.319485,0.10703,0.30751,0.355608,-0.0435226,0.207235,0.0992005,-0.0542916,-0.0651112,0.116015,-0.0804784,0.141467,0.0952637,0.0948523,-0.0570687,0.135701,-0.118512,-0.0685699,-0.215983,-0.0792976,-0.250125
12.5,F,0.52,false,true,2.25767,10.4719,0.342136,0.34288,0.326566,0.353193,0.318983,0.574014,0.721437,0.45931,0.845015,0.516737,0.987057,-24.8465,0.036006,0.0546386,0.205378,0.124372,0.0910478,0.47776,-0.0619023,0.00210517,-0.0599386,0.100943,-0.0640606,-0.102475,0.0308496,0.0246698,-0.0467994,0.0272261,0.00804936,-0.235057,0.0979808,0.160677,0.114602,-0.0247052,0.316591,0.0661897,0.27649,5.07951e-05,0.264299,0.211058,0.12908,-0.111844,-0.0645429,-0.0539426,0.0721765,0.144594,0.196518,-0.189864,0.0258307,-0.0794191,0.0637725,0.406267,0.188221,-0.0843084,-0.143284,-0.0932552,0.181482,-0.0631545,0.00712064,0.0241458,0.0329927,0.0860715,0.239415,0.14568,0.353291,0.0623659,0.113406,0.183572,0.182088,0.334616,0.0082865,0.197541,0.0445885,-0.0586092,0.0849522,0.0782576,0.204529,0.22908,0.145663,0.035937,0.168478,0.0885993,0.0033742,0.296585,-0.0816424,-0.0123559
14.8,M,0.58,false,true,2.01788,8.39557,0.347873,0.34085,0.323148,0.354156,0.325851,0.57337,0.721753,0.459216,0.84848,0.515097,0.713006,-24.0864,0.0800526,0.0232997,0.127682,0.0621649,0.0205666,0.402008,-0.0443201,0.0865871,0.0936359,0.113839,-0.0412205,-0.00477325,0.26521,0.25515,-0.0897752,0.090496,-0.0699052,-0.106932,0.0340266,-0.00590918,-0.0149803,0.120375,-0.0317074,0.171856,0.103196,-0.125032,0.345805,0.371542,-0.0617141,0.0110572,0.0149197,0.0496668,0.0892872,0.0292291,-0.070546,0.0835101,-0.0291008,0.163431,0.167449,0.291783,0.231296,0.00537267,-0.0542245,-0.0572551,0.0817024,0.193242,0.0366341,-0.00580522,0.238704,0.0393584,0.0625192,0.225905,0.407504,-0.0218193,-0.059804,0.114389,0.456914,-0.0410585,0.147139,-0.0272778,-0.0484569,0.0827718,0.0301135,0.0949214,0.418434,0.0465963,-0.152884,-0.0209726,0.0999251,-0.0133744,0.170456,0.436718,-0.0914691,0.244161
7.8,F,0.64,false,true,1.77622,9.84301,0.356609,0.3381,0.319904,0.350279,0.340945,0.574105,0.719575,0.458972,0.848471,0.516667,1.3098,-23.7631,0.0741069,0.0611886,0.291814,0.13714,0.168704,0.392499,-0.167308,0.0906068,-0.0702732,0.18087,0.157844,0.0293171,0.43809,0.505812,0.0225699,0.0226104,-0.0348328,-0.017688,0.0630254,0.00629335,-0.134433,0.0598195,0.248824,-0.00548118,0.0607288,0.272639,-0.0167726,0.49582,0.139772,-0.0574359,0.10578,-0.0504884,0.16641,0.15642,0.191608,-0.0277475,0.0382203,0.177432,0.102034,0.111605,0.0354419,0.0464389,0.0896868,0.0359419,-0.0168827,0.128462,0.00824227,-0.125376,0.307593,0.0299692,0.12718,0.0701883,0.0194579,0.0599462,-0.0117208,0.101408,0.155831,0.158268,-0.00963206,-0.0781999,-0.04845,-0.0222578,-0.0182701,0.0525979,0.153227,0.501831,-0.0355147,-0.0737916,0.387579,0.00545585,0.0999559,-0.0113784,0.141968,-0.0365085
14.0,F,0.46,false,true,2.21876,9.21232,0.336842,0.342376,0.328679,0.345256,0.321988,0.571441,0.719177,0.458893,0.847308,0.515584,1.15327,-23.9267,-0.133408,0.0445356,0.0993684,0.118441,0.128274,0.326045,-0.0768238,0.162143,0.0558535,0.0798003,0.0985363,0.0192087,-0.0433831,-0.0146867,0.147121,-0.0169745,-0.210998,0.0514039,0.0840228,0.10403,0.126023,0.137755,0.0844225,-0.102111,0.0666912,0.17322,0.0989892,0.108979,-0.0344936,-0.0087977,-0.11402,0.0259627,0.158257,-0.0378338,-0.160345,-0.047876,0.0233358,-0.00449381,0.101217,0.0645534,0.144879,0.0251517,0.0941287,0.131979,0.146257,0.0213856,0.0232589,-0.0219708,0.348405,0.314897,0.105592,0.00988637,0.182669,0.36316,0.15244,0.375431,0.153646,0.0784868,0.103766,-0.0570725,0.0509815,-0.0239094,0.0760909,-0.0630978,0.537218,0.594788,-0.169108,-0.177558,0.17515,0.0237978,0.249722,-0.0248657,-0.00703566,-0.0654473
12.0,F,0.65,false,true,2.66894,9.79285,0.379707,0.345575,0.328338,0.346164,0.328317,0.571963,0.718158,0.46018,0.847994,0.516835,0.719769,-23.5178,-0.00457016,0.0313579,0.177152,0.124682,0.12372,0.526609,0.0187713,0.10457,0.0529089,0.0567376,-0.144166,0.158525,-0.00425034,0.27139,0.172276,0.178698,-0.127867,-0.124985,0.0855944,0.0644741,0.0946247,0.199047,-0.0359182,-0.196199,-0.00217241,0.116643,0.100113,0.0289039,0.350368,0.061257,0.00597062,-0.170378,0.267918,0.215372,-0.070247,-0.21987,0.0255239,0.0981171,0.330901,0.202208,0.0155343,0.0758871,-0.0273414,0.0295542,-0.037098,-0.0608263,0.150922,-0.0157659,0.175897,0.262961,0.22012,0.280724,0.242813,0.330437,0.029895,0.108817,0.265454,0.400673,0.00556755,-0.20195,-0.0299727,0.114058,0.0237527,0.161348,0.185173,0.157527,0.0543131,0.0736338,0.22274,0.0392722,0.0639489,-0.0286052,-0.0393599,0.0725984
12.6,M,0.45,false,true,1.72393,7.49899,0.358141,0.334537,0.331108,0.346287,0.323278,0.575187,0.724245,0.459519,0.84862,0.517746,0.903171,-23.5958,0.00528618,0.027143,0.213848,0.126784,0.130614,0.258944,0.101484,-0.0336344,-0.00388646,0.0694083,-0.142693,0.155823,0.374388,0.19111,0.281806,0.25355,0.0353321,-0.0336159,-0.0933647,0.328514,0.0326013,0.0678031,-0.0404479,0.0141452,-0.0688711,0.0659497,0.140993,0.221466,0.21676,0.111341,-0.0378261,0.110528,0.287042,0.114766,0.117949,0.151281,-0.165255,-0.00961306,0.15351,0.149347,-0.141126,0.00731762,0.094977,0.0393568,-0.00945597,0.145882,-0.298672,0.0167141,-0.153417,0.375727,0.245984,0.12059,0.215415,0.141267,0.350464,0.10326,0.211212,0.130111,-0.157644,-0.0164464,0.0439741,0.0300788,0.129145,0.0616253,0.296228,0.102333,-0.135182,-0.0943587,0.353595,0.0291055,0.00407969,0.0696502,-0.0107354,-0.18015
7.7,M,0.56,false,true,1.89721,8.71566,0.360491,0.346895,0.330211,0.354531,0.332464,0.573187,0.717092,0.459592,0.849608,0.515505,1.36835,-22.6772,-0.0986031,0.038471,0.241451,0.112479,0.15603,0.569327,0.053988,-0.176206,-0.0266923,-0.0579211,0.165418,-0.0676996,0.136646,0.0654115,-0.101366,0.0977034,-0.027063,0.0298587,-0.0113293,-0.0508443,-0.102899,-0.0535186,0.0483534,0.201315,-0.0402655,-0.198393,0.0958273,-0.0245363,-0.023379,0.15063,0.00169193,0.110256,0.0761933,-0.0668708,-0.229674,-0.0552013,0.0288103,0.141183,0.0462181,0.0622037,0.136017,-0.0293352,-0.103286,0.032803,-0.121393,0.00943224,0.189123,-0.0134516,-0.0225074,0.08399,-0.0503658,0.223092,0.33207,0.139803,-0.0244313,0.25937,-0.0100297,0.260588,0.0128894,0.117572,-0.115548,-0.159259,0.0386653,0.104079,0.355805,0.401848,0.162687,-0.088777,0.114631,0.176286,-0.0536882,-0.0276172,-0.0832415,0.115726
10.8,F,0.57,false,true,3.36701,9.95502,0.346885,0.348754,0.340582,0.348157,0.337863,0.575584,0.715526,0.459515,0.847984,0.517867,0.879692,-23.4169,0.210844,-0.0017018,0.148932,0.083641,0.112261,0.369988,-0.0392937,0.21332,-0.123501,0.192263,-0.165127,0.128703,-0.0206032,0.478518,0.0719415,0.225313,-0.0649266,-0.10146,-0.059187,0.168913,-0.0614334,0.135373,0.0663133,0.230543,0.316349,0.267421,0.343804,0.163827,0.218249,-0.0506175,0.0325786,-0.0088629,0.1549,-0.0204758,0.0205256,-0.0862421,-0.124979,0.142314,0.308908,0.0753983,0.088709,0.00105517,-0.0787691,-0.0479508,-0.0761079,-0.148007,0.134526,-0.0135137,0.176677,0.137268,0.176611,0.097122,0.0527938,0.0234336,0.462959,0.0585947,0.107129,0.00626877,-0.0454518,-0.0418104,0.186542,0.21379,0.113875,-0.0359544,0.210455,0.15986,0.0677169,-0.130971,0.468767,0.106594,0.0640566,-0.101121,0.0252766,0.0824044
11.7,F,0.61,false,true,2.52285,9.76259,0.369926,0.342649,0.332039,0.352138,0.331669,0.574104,0.719305,0.459239,0.847483,0.516507,1.20464,-23.416,0.177052,0.0706656,0.121122,0.0816553,0.0213263,0.664656,0.041676,0.0704349,0.13005,0.0510419,0.178477,0.0385509,0.0338883,0.0778121,-0.0844933,-0.0474653,-0.149463,-0.133405,0.0260905,0.11028,0.0170758,0.0920407,-0.0545745,0.131598,0.0012269,0.057879,0.311778,0.147106,0.0714694,0.263897,0.0125178,-0.126344,0.235744,0.101402,0.355031,0.105202,0.00963694,0.115,0.241315,0.138448,-0.126728,-0.0740105,-0.0147352,0.0483248,0.00981687,-0.0802265,0.187232,-0.153027,0.435076,0.114044,0.0453303,0.151978,0.100614,0.459478,0.465423,0.244335,0.0893136,0.0719821,-0.036167,0.00225246,-0.0759486,0.0526211,0.19596,0.0585153,0.290452,-0.104403,0.103491,0.086705,0.193956,0.0424117,0.458697,0.0799484,0.145313,0.0353308
16.4,F,0.54,false,true,1.47142,7.5493,0.35155,0.348248,0.333602,0.352232,0.323776,0.570755,0.725473,0.459264,0.84926,0.514116,1.27084,-23.5891,-0.0677011,0.0541897,0.300421,0.0966627,0.00845522,0.362622,0.100973,0.325593,0.0523615,0.140703,0.167537,-0.0236689,0.0122405,0.100884,-0.0147988,0.0551801,-0.0498472,-0.0859514,0.275459,0.170737,0.352608,-0.00143058,0.124717,0.0851007,0.0781984,0.0760767,-0.0627755,-0.0120466,0.230133,0.326836,-0.0083318,0.0791275,0.0295478,0.0950715,0.0353078,0.111926,-0.0483224,-0.0316094,0.148413,0.483768,0.0127377,0.146544,-0.0735699,-0.116628,-0.0268654,-0.0327373,0.152292,0.0142331,0.17178,0.235593,0.121684,0.241202,0.323829,0.146765,0.0832909,0.0627342,0.639448,0.455731,0.0280983,-0.0269551,0.240286,-0.0803456,-0.00624866,0.196094,0.253529,0.359691,-0.00157501,0.00677878,0.128217,0.105663,0.0416943,0.0264753,0.00343282,0.0333087
8.8,F,0.52,false,true,2.37815,9.33974,0.371435,0.341584,0.328646,0.35102,0.328247,0.57454,0.718555,0.459007,0.847602,0.520213,0.804163,-22.5893,0.0266813,0.0198288,0.143248,0.126137,0.0550142,0.375764,0.190364,0.159933,0.0113304,0.0683152,0.141831,0.306968,0.118184,0.0654874,0.112783,-0.00460498,-0.0123996,-0.085421,0.0599451,0.00985417,0.164857,0.409367,-0.12541,0.0607878,0.354116,0.0967221,0.126341,0.187924,0.1746,0.0626812,0.260881,0.0875252,0.0212028,-0.0316814,0.00710034,-0.162076,0.000101326,0.0862299,0.220815,0.0567737,-0.029577,0.0148254,0.151854,-0.0328054,-0.153766,-0.0799847,-0.0325094,-0.0362329,-0.0231978,0.0269308,0.223087,0.104553,0.027028,-0.0164632,0.132889,0.0816068,0.586204,-0.0195567,0.0220742,-0.0795345,-0.151702,0.0560916,0.183602,-0.0276302,0.311534,0.36554,-0.0268429,0.0327698,0.0659549,0.0486139,-0.0505338,0.0978598,0.0452087,0.0262299
11.2,F,0.47,false,true,1.5151,10.4014,0.348155,0.346747,0.330035,0.34434,0.333744,0.574001,0.721746,0.458358,0.848838,0.514028,0.77548,-24.1899,0.0156086,0.0397344,0.221341,0.0749002,0.195145,0.295833,-0.142211,-0.0716634,-0.0484324,0.238343,-0.0621118,0.0476535,0.159179,-0.0353802,0.0109931,0.0429904,-0.0375413,-0.0140831,-0.0333268,0.0900704,-0.066047,0.0513872,-0.0130743,0.293665,0.201943,0.0132544,-0.0408326,0.197281,0.0559478,0.15636,0.0318282,0.0539995,0.08441,-0.187312,-0.0460094,-0.164336,0.123336,0.114803,0.0423135,0.439795,-0.0134281,-0.0148943,-0.17529,0.0376931,-0.0281651,-0.0907305,0.0878859,0.232445,0.11694,0.144757,0.132801,0.0914786,0.138111,0.263837,0.0725034,0.0628447,0.128098,0.0922309,0.0975708,-0.0549492,0.284276,0.0226822,0.00224654,0.111112,0.264822,0.280173,-0.103121,0.109079,-0.0524096,0.0829218,-0.00367963,0.122102,-0.0311723,0.0420295
14.1,F,0.55,false,true,1.66926,8.86257,0.390191,0.333804,0.316826,0.354594,0.330184,0.571816,0.716749,0.459663,0.847802,0.516904,0.859408,-23.0829,0.105681,0.0190475,0.126123,0.143969,0.0867597,0.334881,-0.0150262,0.102559,0.0499893,-0.0633105,0.268967,0.0381434,0.0828428,0.26106,0.127772,0.0851006,0.0916469,-0.0880864,0.213987,0.0334254,-0.0186984,-0.126668,0.109046,0.246617,0.223396,0.043611,-0.131218,0.0766153,0.237882,0.0638933,0.0285569,0.326552,0.27655,0.19638,-0.0306984,0.0858225,0.10708,0.00766742,0.138174,0.332817,-0.0644417,0.224528,-0.00819367,0.169898,-0.0490797,-0.00878813,0.0353634,-0.00978934,0.299052,0.0958482,0.243807,0.177004,0.24939,-0.0150661,0.434745,0.101471,0.442231,-0.00687628,0.0840018,0.11907,-0.0273812,0.099044,0.0729576,0.24768,0.302331,0.380667,0.000758989,-0.110422,0.45467,0.286768,0.0516608,0.102289,-0.0506924,0.064244
11.1,F,0.61,false,true,1.61378,8.05141,0.343136,0.359563,0.325939,0.349619,0.327766,0.57449,0.718626,0.459433,0.84977,0.515486,0.736706,-23.8976,-0.000580542,0.0111844,0.162681,0.0883405,0.0745318,0.421939,0.0120126,0.156708,0.125209,-0.0402843,0.0510763,0.151286,0.00913114,0.0741901,-0.131237,0.00608413,0.0386965,-0.0191737,0.19595,0.201172,0.0796353,0.0845638,-0.0332418,0.0377443,0.23287,0.0129887,0.112473,0.283554,0.319615,0.084051,0.11283,0.061013,0.139378,-0.0549275,0.0259465,0.0185122,0.10734,-0.105858,0.350735,-0.072566,-0.0929946,-0.0234947,-0.00336429,0.133153,0.122723,-0.00679971,0.0138483,0.064508,0.122826,0.621219,0.153015,0.123849,0.23875,0.358777,0.174146,-0.0178169,0.237574,0.265262,-0.0269407,-0.0438694,0.0869191,0.0638624,0.0972172,0.0218612,0.19727,0.287,-0.019029,0.0132897,0.0226295,-0.0984047,0.290233,0.0722232,0.0901697,-0.102935
10.2,M,0.53,false,true,3.42126,8.14389,0.360765,0.345212,0.322885,0.34022,0.343739,0.573993,0.716757,0.458356,0.848286,0.514904,0.572483,-23.1701,0.00214933,0.0311706,0.394362,0.203741,0.207312,0.340161,0.0233535,-0.0123321,0.0249491,0.131839,0.0228965,-0.105892,0.210303,0.0952065,0.00952117,0.187327,-0.115624,-0.216322,0.242684,0.0640186,0.193924,0.188472,-0.135281,-0.073341,0.133442,0.127126,0.26207,0.12898,0.0852748,0.0959281,-0.0731929,0.101198,0.233893,0.559765,-0.0103463,-0.191612,0.12252,-0.218716,0.00257113,0.609049,0.170907,-0.0670561,-0.0255946,0.0129634,0.0328262,-0.0933955,0.0963778,-0.0511219,0.111291,0.00910848,0.317604,0.312698,0.303757,0.0572179,0.406447,0.0537842,0.0977743,0.508864,-0.0494308,0.0723371,-0.0159845,-0.106108,0.0363038,0.0418751,0.459618,0.40274,0.0667118,0.226854,0.212958,0.106124,-0.139153,-0.13936,-0.120294,0.0475344
14.7,M,0.54,false,true,2.04203,7.92815,0.379722,0.34945,0.328322,0.357525,0.326732,0.57642,0.717846,0.458592,0.846657,0.519094,1.07111,-23.4354,0.0589027,0.00880392,0.205646,0.142992,0.0715263,0.432676,0.222628,0.00591656,0.137999,0.0252563,0.0857286,-0.0860796,0.18547,0.27311,-0.0299888,0.0851877,-0.0775078,0.0582369,0.106518,-0.0427127,0.12429,-0.00255371,0.0720075,0.423541,0.105737,-0.0397908,0.217478,0.203241,0.0244031,0.0726026,-0.173253,-0.0674228,0.180633,-0.0388707,-0.0259086,0.109786,0.0818615,-0.0374911,0.0651462,0.0321009,-0.0193907,0.0737458,-0.231982,-0.12593,-0.00102766,-0.0578741,0.109195,-0.121268,0.0351745,0.0704701,0.147955,0.114626,0.0835654,0.226848,-0.0185699,0.155685,0.340415,0.210203,0.0152326,0.0127485,0.0177859,0.0269459,0.0257994,0.314152,0.131205,0.136926,0.00607994,-0.0455785,0.262685,-0.0353764,-0.0439769,0.0643768,-0.0754571,0.0699447
14.5,F,0.65,false,true,1.98118,6.89497,0.384255,0.347147,0.330214,0.343819,0.342265,0.575096,0.719106,0.459262,0.846873,0.515725,1.0612,-24.7652,0.0915199,0.0943975,0.240994,0.0815981,0.0618199,0.281052,-0.025712,-0.111405,0.0288147,-0.0378447,0.0298423,0.0951988,0.171484,0.178303,-0.14746,0.159131,-0.0402928,0.120963,0.118573,0.171679,0.0648019,0.114286,0.0590274,0.151909,0.167497,0.0289424,0.264225,0.428596,0.258009,0.164919,0.196602,0.0469719,0.0951098,-0.00369062,-0.0934949,0.0344475,0.00210927,-0.218303,0.0930353,0.0888667,0.11555,0.0602503,0.0558476,0.0218768,0.237095,-0.0596404,0.0295921,0.0583945,0.121954,0.114194,0.345013,0.064021,0.0130575,0.130187,0.807285,0.43222,0.131116,0.315346,0.330165,0.126,0.19186,0.048454,0.142556,-0.250407,0.309681,0.401766,-0.0800092,-0.124755,0.315479,0.118226,0.344485,-0.0249485,0.00511381,-0.26593
6.8,M,0.5,false,true,2.18215,4.24585,0.356639,0.344479,0.335515,0.373465,0.322784,0.573899,0.715312,0.460114,0.84808,0.514257,0.95215,-23.1457,-0.0703473,0.0360784,0.194469,0.0915535,0.172404,0.343307,0.00196414,0.0407871,-0.0427853,-0.01612,0.148859,0.0095349,0.0812335,0.68441,-0.034026,-0.0307424,-0.149288,-0.0464325,-0.033295,0.0873492,0.204879,0.0969449,0.141891,0.0920526,0.00236811,0.00633539,0.0817275,0.126277,0.214883,0.295114,-0.20297,-0.12387,5.8881e-05,0.19161,0.327514,-0.328595,-0.0458584,0.0801219,0.169655,0.395395,-0.1629,-0.048138,-0.0587511,0.0194342,-0.146779,-0.198329,-0.159484,0.000264004,0.201256,0.00153885,-0.0338145,-0.0243233,0.144162,-0.0774252,0.218145,0.0514152,0.240486,0.25048,-0.0123616,-0.071545,0.162714,0.04525,0.0113522,-0.0202391,0.287646,0.398989,0.0950207,-0.00442838,0.0721277,0.350331,0.266643,0.155829,-0.0446975,0.0156165
17.8,F,0.63,false,true,1.82978,8.53912,0.402405,0.339881,0.325531,0.348152,0.317083,0.575421,0.719239,0.459839,0.847815,0.515192,0.909584,-23.0931,0.0537612,0.120059,0.177813,0.0772023,0.0487281,0.525704,0.0355147,0.0590321,0.135103,0.0447467,0.126066,-0.0506354,-0.036487,0.0244193,0.0628133,-0.0252798,-0.0343736,-0.0662927,0.0237089,-0.0249217,0.116627,0.344864,-0.0797489,-0.0672348,0.178295,0.0924051,0.140033,0.479959,0.204791,0.105313,0.138467,-0.0334075,0.0702146,-0.124713,0.015866,-0.136008,-0.0583631,0.130894,0.176299,-0.0482658,0.0904791,0.189291,-0.0136916,-0.0259406,-0.0434202,-0.0703982,-0.0929127,0.114366,0.276874,-0.0106231,0.102283,-0.0225803,0.268974,0.0621855,0.316176,0.419807,-0.0638989,0.175035,0.0725595,-0.0150183,0.0461533,-0.126292,0.00344506,0.0698668,0.410977,0.0838119,0.0271687,-0.122978,0.0892677,-0.0499456,0.401132,-0.0269784,-0.0911468,0.0707189
16.2,M,0.57,false,true,1.73529,8.73923,0.358871,0.347935,0.328504,0.349171,0.324914,0.575427,0.713408,0.459441,0.850813,0.516763,1.22717,-23.3459,-0.0714491,0.0108884,0.165153,0.107958,0.105719,0.400407,-0.0471397,-0.00121058,0.162137,0.161767,0.456353,0.118438,0.0289557,0.302832,-0.00274815,0.172556,0.192673,-0.0571663,0.0232517,0.0746601,0.243659,0.106384,0.126658,0.0390588,0.185831,0.0770496,0.0884248,0.406494,0.232001,0.136229,0.0475366,0.071657,0.232124,0.0146512,0.0236265,-0.109871,-0.0654376,-0.0279026,0.262752,0.413763,0.192038,0.00258386,-0.00431343,0.033597,-0.00684664,-0.132307,-0.0686018,0.105785,0.205537,-0.0247588,0.0680726,-0.0672545,0.11969,0.123161,-0.174123,0.101735,0.267497,0.292871,0.0871657,0.213981,-0.0456122,-0.01571,-0.0576699,-0.0225749,0.253616,0.596608,0.154782,0.150795,0.221589,-0.0396737,0.0381496,0.0354065,-0.0503545,-0.200898
13.8,F,0.65,false,true,2.06786,6.97513,0.377364,0.345,0.324565,0.35083,0.324963,0.576249,0.71861,0.459571,0.84699,0.517949,0.756868,-24.4204,0.183548,0.0594135,0.351992,0.0608746,0.0813377,0.363551,0.0788858,-0.0108056,0.0739168,-0.00998151,-0.0537155,-0.0185286,0.0995833,0.14455,0.114566,-0.0492214,0.086214,0.18843,0.179233,0.0399956,-0.00798824,-0.00919064,0.202916,0.0899178,-0.0198791,0.157862,0.220347,0.198991,0.313512,0.179824,0.0423441,0.21596,0.237233,0.0240431,-0.0457501,-0.181429,-0.0529153,0.0483054,0.569313,0.1712,-0.0373366,0.108553,0.0915711,0.0535887,0.240926,-0.0791928,-0.137066,0.00257808,0.0593863,0.0880663,0.201121,0.467411,0.013933,0.216108,0.187102,0.175798,-0.0553439,0.472909,-0.0751209,-0.0401545,0.0104391,-0.0534554,-0.0747676,-0.102863,0.123755,-0.0798188,-0.0574653,0.0520119,0.24327,0.0584071,-0.00224498,0.140778,-0.081707,0.00448468
14.9,F,0.54,false,true,2.24156,10.2372,0.350201,0.347126,0.354156,0.345842,0.324316,0.577506,0.716906,0.459262,0.846454,0.515501,0.67074,-23.7674,0.0753889,0.0444489,0.348622,0.107558,0.0767242,0.355213,0.0359754,0.0224356,0.0906166,0.24123,0.0662637,0.0324797,0.183596,-0.0106954,0.105725,-0.0152312,-0.120828,-0.332078,0.0670984,-0.111444,0.164607,0.0173996,0.0434935,0.0513818,-0.0054674,0.0756488,0.111658,0.135087,0.0778522,0.138628,-0.0960787,0.221217,0.173123,0.169985,0.0131921,-0.0415828,0.0697649,0.192321,0.430464,0.184799,0.115388,0.0490696,-0.13542,-0.00651887,0.251688,0.0133528,-0.00208546,-0.159529,0.273347,0.315023,0.126967,0.00360096,0.0942559,0.28421,0.112185,0.148365,0.368256,0.0429648,0.062362,0.0304756,0.14879,0.0912662,-0.0215733,0.0545364,-0.0480749,0.418614,-0.0763942,0.0299847,0.223683,0.18365,0.0641352,0.222176,-0.0267115,0.0818856
12.0,F,0.5,false,true,1.98926,10.1394,0.36751,0.340475,0.324118,0.347313,0.331505,0.572073,0.723344,0.458758,0.847626,0.516976,1.00381,-23.744,-0.050075,0.0498026,0.338697,0.0775693,0.0527364,0.299074,-0.0519933,0.128979,-0.00898033,-0.0392045,0.00312213,0.0243817,0.0941755,0.00692424,-0.0894784,0.0192623,-0.172114,0.0353064,0.289461,0.224634,0.167896,0.132435,0.212242,0.184587,-0.106914,0.0399537,-0.0287607,0.133374,0.103523,0.102066,0.0524381,0.138802,0.0365932,0.442949,0.0333733,-0.0550908,-0.0177642,0.0710648,0.578927,0.0313781,-0.130154,0.0197376,0.0839176,-0.00121244,0.0403074,-0.133565,-0.105581,-0.201758,0.0301172,-0.0342674,0.0193353,0.0779496,0.0202427,-0.103048,-0.0366248,0.357607,0.277802,0.311084,0.0222816,-0.0158171,-0.0548642,-0.0722164,-0.0198788,-0.0486394,0.34535,0.198043,-0.0317443,-0.0924739,0.121173,0.134663,-0.0420112,0.00694915,-0.122241,-0.0521777
13.6,M,0.63,false,true,2.03557,9.97872,0.381725,0.346252,0.324565,0.348717,0.33563,0.571655,0.719303,0.459558,0.848295,0.516941,0.663188,-22.1587,0.199984,0.0335306,0.13432,0.1444,0.0617163,0.392583,-0.0734748,0.106448,0.208932,0.0758979,0.0337297,0.0129353,0.118544,0.229329,0.257066,0.232962,-0.0471967,0.0740185,0.197931,-0.0293519,0.00141552,-0.0550486,0.123965,0.0740534,0.0820829,0.0485879,0.140772,0.213472,0.136724,0.231657,0.0617997,0.115099,0.0316735,0.200379,0.120876,0.0533695,-0.0677137,-0.0160138,0.373405,0.0746622,0.141102,-0.0199794,0.0632695,-0.19958,0.0198722,-0.0685877,0.0371035,-0.118687,0.0413522,0.350608,0.254121,0.182158,0.263554,0.401649,0.529422,0.266933,0.297615,0.252046,0.057355,-0.0187737,0.0245629,-0.0981581,0.10359,-0.0868867,0.774016,0.20976,0.106267,0.187995,0.0368549,0.086552,-0.0567704,-0.0484736,0.176623,-0.0376006
14.1,M,0.6,false,true,2.52606,7.2765,0.364863,0.343937,0.337621,0.345184,0.324687,0.573289,0.713781,0.459623,0.849524,0.516283,1.09377,-23.7317,-0.0492253,0.0444809,0.158374,0.0828546,0.0362816,0.434934,-0.0666911,0.0492773,0.0589651,-0.0298983,0.0626594,0.160935,0.162483,0.0303718,-0.0445924,-0.103189,-0.153959,-0.0452889,0.222675,-0.0117336,-0.0282741,-0.107373,0.00567357,-0.0154464,0.0219505,-0.0496921,0.13045,0.0597774,0.00877109,0.107521,-0.0691791,0.214098,0.0373767,0.246986,-0.0393632,0.0358312,-0.0528514,0.0641574,-0.0395824,-0.0696675,0.21603,-0.0511541,-0.00779942,0.0229527,-0.0858783,0.0298405,-0.0968152,-0.0213621,0.120226,0.318547,0.11238,0.0983619,0.124595,0.253079,0.107606,0.234904,0.0868879,0.200544,-0.0498379,-0.116851,0.02596,-0.115653,0.133486,0.118552,0.150827,0.261337,-0.0363827,0.0567541,0.119165,0.0791581,0.123212,0.0186645,0.301051,-0.115877
12.1,F,0.63,false,true,2.15827,9.46393,0.353852,0.345696,0.320686,0.346235,0.325332,0.573889,0.722294,0.459491,0.847348,0.515537,0.606663,-24.2022,-0.0015265,0.0384194,0.142654,0.0793554,0.0591996,0.450242,-0.0162024,0.0131949,0.186089,0.126186,0.0247884,-0.138715,0.121052,0.581596,-0.0398854,0.131543,0.0393924,0.108516,-0.068279,0.0934878,0.0687447,0.153082,0.0712874,0.102242,-0.0541121,0.175772,0.360355,0.349333,0.181764,0.161356,-0.0295648,-0.0413178,0.0910534,0.20861,-0.0152639,0.0914411,0.23925,-0.10855,0.300042,0.381531,0.123381,-0.0976061,-0.0416936,0.0801767,-0.0185561,-0.0817795,0.0338663,-0.0324016,0.240042,0.264556,0.150352,0.315031,0.0722403,-0.0205626,0.100742,0.359887,0.171069,0.348322,-0.0343195,0.325848,0.0828727,-0.0678536,0.0262182,-0.00413476,0.0596824,0.307346,0.107588,0.357435,-0.0358426,0.0526011,-0.0534597,0.0934871,-0.0306345,0.0466038
17.9,F,0.47,false,true,1.68874,9.95135,0.351488,0.350612,0.330764,0.342757,0.326951,0.576616,0.728149,0.459271,0.849486,0.514284,0.320098,-23.9417,0.0633468,0.0691488,0.185972,0.0780968,0.103234,0.262449,0.0602553,0.18535,0.0918899,0.144304,0.00112219,0.0142825,0.405083,0.391192,-0.105289,0.0679269,-0.0199579,-0.201663,0.0535279,0.0400087,-0.0973027,0.0101254,-0.102242,0.0570581,-0.03012,-0.0578277,0.00912553,0.0343125,-0.0431678,0.0412204,0.0605106,-0.0788682,-0.033442,-0.12439,-0.0762977,-0.00433486,-0.0449441,-0.0264025,-0.0215275,0.0925137,0.0407554,-0.0212311,-0.256357,0.145971,-0.0852458,0.0566903,0.0388249,0.139936,0.0464093,0.109476,0.444054,0.0707642,0.133233,0.302311,0.0586108,0.14896,0.0832571,-0.040697,0.168855,0.0208664,0.00343397,0.122619,0.0681251,0.0745251,0.0685415,0.176483,0.0967704,0.0417849,-0.00540135,-0.0593076,-0.0252455,0.136234,-0.0840693,-0.0239074
16.3,F,0.54,false,true,1.44452,7.30051,0.34268,0.345657,0.326711,0.356743,0.33596,0.575832,0.72044,0.45831,0.844675,0.5171,0.899285,-24.7172,0.0822569,0.0888508,0.12761,0.0687124,0.0116567,0.260875,0.0430438,0.0101084,0.0367618,0.0740744,-0.0233609,0.21113,0.158675,0.375426,-0.0698428,0.179535,-0.0800735,-0.0138622,0.0915987,-0.0232908,0.221534,0.178386,0.0597764,-0.0828554,-0.0246135,0.129593,0.138089,0.183995,-0.0784892,0.0392492,0.095262,0.310985,-0.0781772,-0.0141537,0.043805,-0.0913266,0.178293,0.177177,0.630861,0.253976,0.195101,0.239746,-0.0414753,0.0192881,0.161414,-0.0796882,-0.0612914,0.1252,0.118708,0.145825,0.0840912,0.0376919,0.231616,0.0222122,0.410098,0.388725,0.174278,-0.0194372,-0.0941514,-0.0141256,-0.0531319,0.0343686,0.292419,-0.0134152,0.0988312,0.125356,-0.0107435,0.0181794,0.0229778,0.0317301,-0.016566,-0.0993946,-0.0996724,0.118078
9.2,M,0.53,false,true,2.50587,5.57336,0.354727,0.346197,0.329611,0.361643,0.327706,0.573779,0.720642,0.459357,0.847552,0.51653,0.959095,-22.9177,0.123506,0.0588869,0.252977,0.126385,0.220818,0.345243,-0.065797,0.10109,-0.0242702,0.0844459,-0.0287334,0.0558643,0.105452,0.25741,-0.0887021,0.1726,-0.176068,-0.0449997,0.0681606,0.109937,0.142968,0.10992,0.147162,-0.0388122,0.0111368,0.0535505,0.276865,0.16533,0.0098885,0.231747,0.0256852,0.0630172,0.349009,0.0747389,0.0447016,-0.177355,0.0540911,-0.0268846,0.0391598,0.059486,0.110557,-0.033891,0.0782321,-0.263352,0.0515775,0.0401416,-0.00757591,0.0495338,0.0424011,0.0546463,0.00803691,0.176723,0.261419,0.0155371,0.389368,0.0509733,0.208731,0.369328,0.020447,-0.0640695,-0.0425026,0.0171415,0.0656904,-0.0986721,0.253963,0.159583,0.108553,-0.0126297,0.253029,-0.144934,-0.12402,0.0583309,0.165148,-0.0484667
