marker,value
bw_alpha_mean,2.18868
cf_alpha_mean,8.55046
connectivity_alpha_mean,0.369489
connectivity_beta_mean,0.347305
connectivity_delta_mean,0.308265
connectivity_gamma_mean,0.343983
connectivity_theta_mean,0.331894
entropy_alpha_mean,0.574712
entropy_beta_mean,0.716988
entropy_delta_mean,0.45961
entropy_gamma_mean,0.848827
entropy_theta_mean,0.515808
exponent_mean,0.88379
offset_mean,-24.1384
periodic_alpha_mean,0.0432844
periodic_beta_mean,0.0630694
periodic_delta_mean,0.129944
periodic_gamma_mean,0.049814
periodic_theta_mean,-0.0041262
pw_alpha_mean,0.31683
bankssts_lh_alpha_periodic,0.198086
bankssts_rh_alpha_periodic,0.345885
caudalanteriorcingulate_lh_alpha_periodic,0.156256
caudalanteriorcingulate_rh_alpha_periodic,0.117017
caudalmiddlefrontal_lh_alpha_periodic,-0.0180189
caudalmiddlefrontal_rh_alpha_periodic,0.168516
cuneus_lh_alpha_periodic,0.0503777
cuneus_rh_alpha_periodic,0.233503
entorhinal_lh_alpha_periodic,0.0963513
entorhinal_rh_alpha_periodic,0.000459274
frontalpole_lh_alpha_periodic,0.0225023
frontalpole_rh_alpha_periodic,-0.0671705
fusiform_lh_alpha_periodic,-0.0349584
fusiform_rh_alpha_periodic,0.0687367
inferiorparietal_lh_alpha_periodic,0.0775165
inferiorparietal_rh_alpha_periodic,-0.0519251
inferiortemporal_lh_alpha_periodic,0.104014
inferiortemporal_rh_alpha_periodic,0.0191424
insula_lh_alpha_periodic,0.227708
insula_rh_alpha_periodic,-0.0381016
isthmuscingulate_lh_alpha_periodic,0.157081
isthmuscingulate_rh_alpha_periodic,-0.00131288
lateraloccipital_lh_alpha_periodic,0.00473105
lateraloccipital_rh_alpha_periodic,0.109618
lateralorbitofrontal_lh_alpha_periodic,0.0384492
lateralorbitofrontal_rh_alpha_periodic,0.0313308
lingual_lh_alpha_periodic,0.581587
lingual_rh_alpha_periodic,0.0638094
medialorbitofrontal_lh_alpha_periodic,0.178806
medialorbitofrontal_rh_alpha_periodic,0.0209153
middletemporal_lh_alpha_periodic,0.219774
middletemporal_rh_alpha_periodic,-0.000235881
paracentral_lh_alpha_periodic,0.195968
paracentral_rh_alpha_periodic,0.679767
parahippocampal_lh_alpha_periodic,0.0423049
parahippocampal_rh_alpha_periodic,-0.0709964
parsopercularis_lh_alpha_periodic,0.12513
parsopercularis_rh_alpha_periodic,-0.0014479
parsorbitalis_lh_alpha_periodic,-0.109742
parsorbitalis_rh_alpha_periodic,0.00752567
parstriangularis_lh_alpha_periodic,-0.0660365
parstriangularis_rh_alpha_periodic,0.295958
pericalcarine_lh_alpha_periodic,0.0076049
pericalcarine_rh_alpha_periodic,0.093307
postcentral_lh_alpha_periodic,0.479576
postcentral_rh_alpha_periodic,0.0993636
posteriorcingulate_lh_alpha_periodic,0.426644
posteriorcingulate_rh_alpha_periodic,0.202841
precentral_lh_alpha_periodic,0.301639
precentral_rh_alpha_periodic,0.157025
precuneus_lh_alpha_periodic,0.283758
precuneus_rh_alpha_periodic,0.364998
rostralanteriorcingulate_lh_alpha_periodic,-0.0693078
rostralanteriorcingulate_rh_alpha_periodic,-0.0973154
rostralmiddlefrontal_lh_alpha_periodic,0.0550903
rostralmiddlefrontal_rh_alpha_periodic,-0.00938985
superiorfrontal_lh_alpha_periodic,-0.003157
superiorfrontal_rh_alpha_periodic,-0.136519
superiorparietal_lh_alpha_periodic,0.281432
superiorparietal_rh_alpha_periodic,-0.00554302
superiortemporal_lh_alpha_periodic,-0.020531
superiortemporal_rh_alpha_periodic,-0.143732
supramarginal_lh_alpha_periodic,0.466448
supramarginal_rh_alpha_periodic,0.188853
temporalpole_lh_alpha_periodic,0.0701447
temporalpole_rh_alpha_periodic,-0.0191246
transversetemporal_lh_alpha_periodic,0.0932818
transversetemporal_rh_alpha_periodic,-0.102069
