marker,value,age,sex
bw_alpha_mean,2.13313,38.5,M
cf_alpha_mean,10.9199,38.5,M
connectivity_alpha_mean,0.358034,38.5,M
connectivity_beta_mean,0.342198,38.5,M
connectivity_delta_mean,0.32312,38.5,M
connectivity_gamma_mean,0.350235,38.5,M
connectivity_theta_mean,0.329809,38.5,M
entropy_alpha_mean,0.57591,38.5,M
entropy_beta_mean,0.718008,38.5,M
entropy_delta_mean,0.459507,38.5,M
entropy_gamma_mean,0.848135,38.5,M
entropy_theta_mean,0.517431,38.5,M
exponent_mean,0.543365,38.5,M
offset_mean,-23.6502,38.5,M
periodic_alpha_mean,0.159256,38.5,M
periodic_beta_mean,0.0764832,38.5,M
periodic_delta_mean,0.299706,38.5,M
periodic_gamma_mean,0.0455888,38.5,M
periodic_theta_mean,0.0265569,38.5,M
pw_alpha_mean,0.273138,38.5,M
bw_alpha_mean,2.18955,37.6,F
cf_alpha_mean,10.4552,37.6,F
connectivity_alpha_mean,0.370431,37.6,F
connectivity_beta_mean,0.356671,37.6,F
connectivity_delta_mean,0.339131,37.6,F
connectivity_gamma_mean,0.352225,37.6,F
connectivity_theta_mean,0.322415,37.6,F
entropy_alpha_mean,0.576701,37.6,F
entropy_beta_mean,0.72047,37.6,F
entropy_delta_mean,0.45907,37.6,F
entropy_gamma_mean,0.849036,37.6,F
entropy_theta_mean,0.518605,37.6,F
exponent_mean,0.599979,37.6,F
offset_mean,-25.1592,37.6,F
periodic_alpha_mean,0.246933,37.6,F
periodic_beta_mean,0.0316697,37.6,F
periodic_delta_mean,0.200846,37.6,F
periodic_gamma_mean,0.109518,37.6,F
periodic_theta_mean,0.0247665,37.6,F
pw_alpha_mean,0.294424,37.6,F
bw_alpha_mean,1.6181,31.9,F
cf_alpha_mean,7.73183,31.9,F
connectivity_alpha_mean,0.349434,31.9,F
connectivity_beta_mean,0.350137,31.9,F
connectivity_delta_mean,0.337972,31.9,F
connectivity_gamma_mean,0.345794,31.9,F
connectivity_theta_mean,0.326852,31.9,F
entropy_alpha_mean,0.575398,31.9,F
entropy_beta_mean,0.728908,31.9,F
entropy_delta_mean,0.45933,31.9,F
entropy_gamma_mean,0.848355,31.9,F
entropy_theta_mean,0.518162,31.9,F
exponent_mean,0.734477,31.9,F
offset_mean,-23.6332,31.9,F
periodic_alpha_mean,0.227888,31.9,F
periodic_beta_mean,0.103078,31.9,F
periodic_delta_mean,0.127146,31.9,F
periodic_gamma_mean,0.0580555,31.9,F
periodic_theta_mean,0.028885,31.9,F
pw_alpha_mean,0.41504,31.9,F
bw_alpha_mean,2.65884,37.7,M
cf_alpha_mean,11.4706,37.7,M
connectivity_alpha_mean,0.390077,37.7,M
connectivity_beta_mean,0.344949,37.7,M
connectivity_delta_mean,0.32106,37.7,M
connectivity_gamma_mean,0.346108,37.7,M
connectivity_theta_mean,0.323765,37.7,M
entropy_alpha_mean,0.575119,37.7,M
entropy_beta_mean,0.726007,37.7,M
entropy_delta_mean,0.458725,37.7,M
entropy_gamma_mean,0.849606,37.7,M
entropy_theta_mean,0.517598,37.7,M
exponent_mean,0.682732,37.7,M
offset_mean,-25.0387,37.7,M
periodic_alpha_mean,-0.00519975,37.7,M
periodic_beta_mean,0.0483789,37.7,M
periodic_delta_mean,0.299422,37.7,M
periodic_gamma_mean,0.163164,37.7,M
periodic_theta_mean,0.0317101,37.7,M
pw_alpha_mean,0.383899,37.7,M
bw_alpha_mean,1.72355,24.5,F
cf_alpha_mean,11.5487,24.5,F
connectivity_alpha_mean,0.355122,24.5,F
connectivity_beta_mean,0.346591,24.5,F
connectivity_delta_mean,0.338392,24.5,F
connectivity_gamma_mean,0.347503,24.5,F
connectivity_theta_mean,0.320622,24.5,F
entropy_alpha_mean,0.575662,24.5,F
entropy_beta_mean,0.722159,24.5,F
entropy_delta_mean,0.459487,24.5,F
entropy_gamma_mean,0.848669,24.5,F
entropy_theta_mean,0.513576,24.5,F
exponent_mean,0.73874,24.5,F
offset_mean,-24.3959,24.5,F
periodic_alpha_mean,0.154535,24.5,F
periodic_beta_mean,0.0500771,24.5,F
periodic_delta_mean,0.324154,24.5,F
periodic_gamma_mean,0.0608278,24.5,F
periodic_theta_mean,0.0449804,24.5,F
pw_alpha_mean,0.374954,24.5,F
bw_alpha_mean,2.66548,12.0,M
cf_alpha_mean,6.54725,12.0,M
connectivity_alpha_mean,0.366657,12.0,M
connectivity_beta_mean,0.356446,12.0,M
connectivity_delta_mean,0.320873,12.0,M
connectivity_gamma_mean,0.350755,12.0,M
connectivity_theta_mean,0.338691,12.0,M
entropy_alpha_mean,0.575528,12.0,M
entropy_beta_mean,0.72105,12.0,M
entropy_delta_mean,0.459644,12.0,M
entropy_gamma_mean,0.847806,12.0,M
entropy_theta_mean,0.514876,12.0,M
exponent_mean,1.09728,12.0,M
offset_mean,-23.3498,12.0,M
periodic_alpha_mean,0.0797197,12.0,M
periodic_beta_mean,0.0348272,12.0,M
periodic_delta_mean,0.213472,12.0,M
periodic_gamma_mean,0.0905074,12.0,M
periodic_theta_mean,0.0648129,12.0,M
pw_alpha_mean,0.241607,12.0,M
bw_alpha_mean,2.8883,7.1,F
cf_alpha_mean,8.60817,7.1,F
connectivity_alpha_mean,0.358696,7.1,F
connectivity_beta_mean,0.349636,7.1,F
connectivity_delta_mean,0.322975,7.1,F
connectivity_gamma_mean,0.355744,7.1,F
connectivity_theta_mean,0.33409,7.1,F
entropy_alpha_mean,0.570747,7.1,F
entropy_beta_mean,0.719831,7.1,F
entropy_delta_mean,0.45935,7.1,F
entropy_gamma_mean,0.846571,7.1,F
entropy_theta_mean,0.514725,7.1,F
exponent_mean,0.910712,7.1,F
offset_mean,-24.3333,7.1,F
periodic_alpha_mean,0.0200783,7.1,F
periodic_beta_mean,0.0783523,7.1,F
periodic_delta_mean,0.168955,7.1,F
periodic_gamma_mean,0.095938,7.1,F
periodic_theta_mean,0.269254,7.1,F
pw_alpha_mean,0.271665,7.1,F
bw_alpha_mean,2.10139,21.8,M
cf_alpha_mean,8.43732,21.8,M
connectivity_alpha_mean,0.363271,21.8,M
connectivity_beta_mean,0.341744,21.8,M
connectivity_delta_mean,0.313111,21.8,M
connectivity_gamma_mean,0.345068,21.8,M
connectivity_theta_mean,0.324757,21.8,M
entropy_alpha_mean,0.575392,21.8,M
entropy_beta_mean,0.72233,21.8,M
entropy_delta_mean,0.459585,21.8,M
entropy_gamma_mean,0.84682,21.8,M
entropy_theta_mean,0.514997,21.8,M
exponent_mean,0.79497,21.8,M
offset_mean,-24.7978,21.8,M
periodic_alpha_mean,0.141586,21.8,M
periodic_beta_mean,0.0755019,21.8,M
periodic_delta_mean,0.0664634,21.8,M
periodic_gamma_mean,0.0847663,21.8,M
periodic_theta_mean,0.0647377,21.8,M
pw_alpha_mean,0.391468,21.8,M
bw_alpha_mean,2.09084,23.6,F
cf_alpha_mean,10.3178,23.6,F
connectivity_alpha_mean,0.359774,23.6,F
connectivity_beta_mean,0.338588,23.6,F
connectivity_delta_mean,0.317263,23.6,F
connectivity_gamma_mean,0.347911,23.6,F
connectivity_theta_mean,0.332142,23.6,F
entropy_alpha_mean,0.574518,23.6,F
entropy_beta_mean,0.720162,23.6,F
entropy_delta_mean,0.459013,23.6,F
entropy_gamma_mean,0.848535,23.6,F
entropy_theta_mean,0.517609,23.6,F
exponent_mean,0.738972,23.6,F
offset_mean,-24.4105,23.6,F
periodic_alpha_mean,-0.0111418,23.6,F
periodic_beta_mean,0.0374447,23.6,F
periodic_delta_mean,0.225239,23.6,F
periodic_gamma_mean,0.0740149,23.6,F
periodic_theta_mean,0.136854,23.6,F
pw_alpha_mean,0.228099,23.6,F
bw_alpha_mean,1.96599,20.6,F
cf_alpha_mean,9.83943,20.6,F
connectivity_alpha_mean,0.357648,20.6,F
connectivity_beta_mean,0.349983,20.6,F
connectivity_delta_mean,0.324361,20.6,F
connectivity_gamma_mean,0.3473,20.6,F
connectivity_theta_mean,0.341299,20.6,F
entropy_alpha_mean,0.575083,20.6,F
entropy_beta_mean,0.723483,20.6,F
entropy_delta_mean,0.459138,20.6,F
entropy_gamma_mean,0.847289,20.6,F
entropy_theta_mean,0.51839,20.6,F
exponent_mean,0.555569,20.6,F
offset_mean,-24.6957,20.6,F
periodic_alpha_mean,-0.0156551,20.6,F
periodic_beta_mean,0.027176,20.6,F
periodic_delta_mean,0.232929,20.6,F
periodic_gamma_mean,0.1061,20.6,F
periodic_theta_mean,0.0940119,20.6,F
pw_alpha_mean,0.259268,20.6,F
bw_alpha_mean,2.21345,25.9,M
cf_alpha_mean,11.7834,25.9,M
connectivity_alpha_mean,0.34583,25.9,M
connectivity_beta_mean,0.347833,25.9,M
connectivity_delta_mean,0.322549,25.9,M
connectivity_gamma_mean,0.345364,25.9,M
connectivity_theta_mean,0.324313,25.9,M
entropy_alpha_mean,0.574044,25.9,M
entropy_beta_mean,0.725497,25.9,M
entropy_delta_mean,0.459284,25.9,M
entropy_gamma_mean,0.849122,25.9,M
entropy_theta_mean,0.514983,25.9,M
exponent_mean,0.656923,25.9,M
offset_mean,-25.4964,25.9,M
periodic_alpha_mean,0.102716,25.9,M
periodic_beta_mean,0.0382168,25.9,M
periodic_delta_mean,0.302156,25.9,M
periodic_gamma_mean,0.0744119,25.9,M
periodic_theta_mean,0.012249,25.9,M
pw_alpha_mean,0.334373,25.9,M
bw_alpha_mean,3.06204,24.6,M
cf_alpha_mean,10.4567,24.6,M
connectivity_alpha_mean,0.38682,24.6,M
connectivity_beta_mean,0.343505,24.6,M
connectivity_delta_mean,0.342834,24.6,M
connectivity_gamma_mean,0.343057,24.6,M
connectivity_theta_mean,0.324431,24.6,M
entropy_alpha_mean,0.576834,24.6,M
entropy_beta_mean,0.713146,24.6,M
entropy_delta_mean,0.459056,24.6,M
entropy_gamma_mean,0.846955,24.6,M
entropy_theta_mean,0.515906,24.6,M
exponent_mean,0.771397,24.6,M
offset_mean,-23.4952,24.6,M
periodic_alpha_mean,0.114183,24.6,M
periodic_beta_mean,0.109018,24.6,M
periodic_delta_mean,0.249936,24.6,M
periodic_gamma_mean,0.148809,24.6,M
periodic_theta_mean,0.0236245,24.6,M
pw_alpha_mean,0.331421,24.6,M
bw_alpha_mean,2.57274,24.0,F
cf_alpha_mean,8.10115,24.0,F
connectivity_alpha_mean,0.396918,24.0,F
connectivity_beta_mean,0.344102,24.0,F
connectivity_delta_mean,0.317114,24.0,F
connectivity_gamma_mean,0.34311,24.0,F
connectivity_theta_mean,0.322551,24.0,F
entropy_alpha_mean,0.57546,24.0,F
entropy_beta_mean,0.717999,24.0,F
entropy_delta_mean,0.459178,24.0,F
entropy_gamma_mean,0.847877,24.0,F
entropy_theta_mean,0.515665,24.0,F
exponent_mean,0.881265,24.0,F
offset_mean,-24.7361,24.0,F
periodic_alpha_mean,0.08224,24.0,F
periodic_beta_mean,0.0389118,24.0,F
periodic_delta_mean,0.11442,24.0,F
periodic_gamma_mean,0.0911303,24.0,F
periodic_theta_mean,0.0206209,24.0,F
pw_alpha_mean,0.205382,24.0,F
bw_alpha_mean,4.07722,7.6,M
cf_alpha_mean,7.11358,7.6,M
connectivity_alpha_mean,0.350277,7.6,M
connectivity_beta_mean,0.349393,7.6,M
connectivity_delta_mean,0.331396,7.6,M
connectivity_gamma_mean,0.345383,7.6,M
connectivity_theta_mean,0.327401,7.6,M
entropy_alpha_mean,0.570583,7.6,M
entropy_beta_mean,0.722342,7.6,M
entropy_delta_mean,0.458956,7.6,M
entropy_gamma_mean,0.848232,7.6,M
entropy_theta_mean,0.516635,7.6,M
exponent_mean,1.28517,7.6,M
offset_mean,-23.08,7.6,M
periodic_alpha_mean,0.0960547,7.6,M
periodic_beta_mean,0.0776279,7.6,M
periodic_delta_mean,0.451155,7.6,M
periodic_gamma_mean,0.0850618,7.6,M
periodic_theta_mean,0.082909,7.6,M
pw_alpha_mean,0.261802,7.6,M
bw_alpha_mean,2.17988,26.0,F
cf_alpha_mean,7.02476,26.0,F
connectivity_alpha_mean,0.362318,26.0,F
connectivity_beta_mean,0.345192,26.0,F
connectivity_delta_mean,0.322569,26.0,F
connectivity_gamma_mean,0.345583,26.0,F
connectivity_theta_mean,0.329765,26.0,F
entropy_alpha_mean,0.575743,26.0,F
entropy_beta_mean,0.720211,26.0,F
entropy_delta_mean,0.459073,26.0,F
entropy_gamma_mean,0.849354,26.0,F
entropy_theta_mean,0.520002,26.0,F
exponent_mean,0.831138,26.0,F
offset_mean,-23.548,26.0,F
periodic_alpha_mean,0.0558513,26.0,F
periodic_beta_mean,0.0719593,26.0,F
periodic_delta_mean,0.260325,26.0,F
periodic_gamma_mean,0.0558392,26.0,F
periodic_theta_mean,0.0149802,26.0,F
pw_alpha_mean,0.328777,26.0,F
bw_alpha_mean,2.11192,22.6,F
cf_alpha_mean,9.31959,22.6,F
connectivity_alpha_mean,0.374297,22.6,F
connectivity_beta_mean,0.343694,22.6,F
connectivity_delta_mean,0.320157,22.6,F
connectivity_gamma_mean,0.346909,22.6,F
connectivity_theta_mean,0.326139,22.6,F
entropy_alpha_mean,0.574498,22.6,F
entropy_beta_mean,0.719897,22.6,F
entropy_delta_mean,0.459205,22.6,F
entropy_gamma_mean,0.848291,22.6,F
entropy_theta_mean,0.515478,22.6,F
exponent_mean,0.762607,22.6,F
offset_mean,-24.3822,22.6,F
periodic_alpha_mean,0.0457021,22.6,F
periodic_beta_mean,0.0371212,22.6,F
periodic_delta_mean,0.188595,22.6,F
periodic_gamma_mean,0.0906147,22.6,F
periodic_theta_mean,0.080531,22.6,F
pw_alpha_mean,0.242168,22.6,F
bw_alpha_mean,3.18658,31.5,M
cf_alpha_mean,7.76259,31.5,M
connectivity_alpha_mean,0.362466,31.5,M
connectivity_beta_mean,0.34291,31.5,M
connectivity_delta_mean,0.311177,31.5,M
connectivity_gamma_mean,0.345475,31.5,M
connectivity_theta_mean,0.332535,31.5,M
entropy_alpha_mean,0.570028,31.5,M
entropy_beta_mean,0.726148,31.5,M
entropy_delta_mean,0.459584,31.5,M
entropy_gamma_mean,0.847025,31.5,M
entropy_theta_mean,0.518719,31.5,M
exponent_mean,0.524947,31.5,M
offset_mean,-23.4546,31.5,M
periodic_alpha_mean,0.213296,31.5,M
periodic_beta_mean,0.00367587,31.5,M
periodic_delta_mean,0.273536,31.5,M
periodic_gamma_mean,0.0577508,31.5,M
periodic_theta_mean,-0.000685227,31.5,M
pw_alpha_mean,0.3696,31.5,M
bw_alpha_mean,1.86352,34.0,M
cf_alpha_mean,8.77415,34.0,M
connectivity_alpha_mean,0.369586,34.0,M
connectivity_beta_mean,0.347224,34.0,M
connectivity_delta_mean,0.317561,34.0,M
connectivity_gamma_mean,0.3474,34.0,M
connectivity_theta_mean,0.341101,34.0,M
entropy_alpha_mean,0.574524,34.0,M
entropy_beta_mean,0.718738,34.0,M
entropy_delta_mean,0.459039,34.0,M
entropy_gamma_mean,0.846703,34.0,M
entropy_theta_mean,0.517637,34.0,M
exponent_mean,0.449396,34.0,M
offset_mean,-23.39,34.0,M
periodic_alpha_mean,0.137831,34.0,M
periodic_beta_mean,0.0899118,34.0,M
periodic_delta_mean,0.257526,34.0,M
periodic_gamma_mean,0.0679385,34.0,M
periodic_theta_mean,-0.00201121,34.0,M
pw_alpha_mean,0.332671,34.0,M
bw_alpha_mean,1.79476,19.9,F
cf_alpha_mean,11.0548,19.9,F
connectivity_alpha_mean,0.369488,19.9,F
connectivity_beta_mean,0.349804,19.9,F
connectivity_delta_mean,0.317546,19.9,F
connectivity_gamma_mean,0.34731,19.9,F
connectivity_theta_mean,0.325576,19.9,F
entropy_alpha_mean,0.569747,19.9,F
entropy_beta_mean,0.718131,19.9,F
entropy_delta_mean,0.45852,19.9,F
entropy_gamma_mean,0.847206,19.9,F
entropy_theta_mean,0.515626,19.9,F
exponent_mean,0.561459,19.9,F
offset_mean,-24.1946,19.9,F
periodic_alpha_mean,0.0459752,19.9,F
periodic_beta_mean,0.0666289,19.9,F
periodic_delta_mean,0.2104,19.9,F
periodic_gamma_mean,0.0819455,19.9,F
periodic_theta_mean,0.00174236,19.9,F
pw_alpha_mean,0.475889,19.9,F
bw_alpha_mean,2.1056,16.7,M
cf_alpha_mean,7.98369,16.7,M
connectivity_alpha_mean,0.383028,16.7,M
connectivity_beta_mean,0.347292,16.7,M
connectivity_delta_mean,0.329091,16.7,M
connectivity_gamma_mean,0.34534,16.7,M
connectivity_theta_mean,0.32435,16.7,M
entropy_alpha_mean,0.57449,16.7,M
entropy_beta_mean,0.714751,16.7,M
entropy_delta_mean,0.458951,16.7,M
entropy_gamma_mean,0.84891,16.7,M
entropy_theta_mean,0.516207,16.7,M
exponent_mean,0.949298,16.7,M
offset_mean,-24.9847,16.7,M
periodic_alpha_mean,-0.0379531,16.7,M
periodic_beta_mean,0.00682584,16.7,M
periodic_delta_mean,0.117502,16.7,M
periodic_gamma_mean,0.0886282,16.7,M
periodic_theta_mean,0.00326446,16.7,M
pw_alpha_mean,0.547382,16.7,M
bw_alpha_mean,1.87388,17.7,F
cf_alpha_mean,7.93,17.7,F
connectivity_alpha_mean,0.368138,17.7,F
connectivity_beta_mean,0.340827,17.7,F
connectivity_delta_mean,0.336137,17.7,F
connectivity_gamma_mean,0.346485,17.7,F
connectivity_theta_mean,0.32646,17.7,F
entropy_alpha_mean,0.575754,17.7,F
entropy_beta_mean,0.71723,17.7,F
entropy_delta_mean,0.458495,17.7,F
entropy_gamma_mean,0.848981,17.7,F
entropy_theta_mean,0.515682,17.7,F
exponent_mean,0.927328,17.7,F
offset_mean,-24.8581,17.7,F
periodic_alpha_mean,0.0717598,17.7,F
periodic_beta_mean,0.02209,17.7,F
periodic_delta_mean,0.105228,17.7,F
periodic_gamma_mean,0.0727628,17.7,F
periodic_theta_mean,0.0138016,17.7,F
pw_alpha_mean,0.432666,17.7,F
bw_alpha_mean,1.79626,36.9,F
cf_alpha_mean,8.27903,36.9,F
connectivity_alpha_mean,0.340471,36.9,F
connectivity_beta_mean,0.346694,36.9,F
connectivity_delta_mean,0.324055,36.9,F
connectivity_gamma_mean,0.349474,36.9,F
connectivity_theta_mean,0.323902,36.9,F
entropy_alpha_mean,0.573691,36.9,F
entropy_beta_mean,0.721793,36.9,F
entropy_delta_mean,0.458699,36.9,F
entropy_gamma_mean,0.848308,36.9,F
entropy_theta_mean,0.516718,36.9,F
exponent_mean,0.563196,36.9,F
offset_mean,-23.8591,36.9,F
periodic_alpha_mean,0.0939516,36.9,F
periodic_beta_mean,0.0683574,36.9,F
periodic_delta_mean,0.107991,36.9,F
periodic_gamma_mean,0.0701611,36.9,F
periodic_theta_mean,0.0051147,36.9,F
pw_alpha_mean,0.275581,36.9,F
bw_alpha_mean,2.46243,27.0,F
cf_alpha_mean,10.9978,27.0,F
connectivity_alpha_mean,0.346174,27.0,F
connectivity_beta_mean,0.342607,27.0,F
connectivity_delta_mean,0.32934,27.0,F
connectivity_gamma_mean,0.352321,27.0,F
connectivity_theta_mean,0.356728,27.0,F
entropy_alpha_mean,0.576529,27.0,F
entropy_beta_mean,0.729559,27.0,F
entropy_delta_mean,0.459281,27.0,F
entropy_gamma_mean,0.848529,27.0,F
entropy_theta_mean,0.516656,27.0,F
exponent_mean,0.453131,27.0,F
offset_mean,-25.0605,27.0,F
periodic_alpha_mean,0.121295,27.0,F
periodic_beta_mean,0.0392769,27.0,F
periodic_delta_mean,0.0318919,27.0,F
periodic_gamma_mean,0.0776466,27.0,F
periodic_theta_mean,0.0822551,27.0,F
pw_alpha_mean,0.435563,27.0,F
bw_alpha_mean,1.95578,38.9,F
cf_alpha_mean,10.9297,38.9,F
connectivity_alpha_mean,0.388319,38.9,F
connectivity_beta_mean,0.35537,38.9,F
connectivity_delta_mean,0.322994,38.9,F
connectivity_gamma_mean,0.354115,38.9,F
connectivity_theta_mean,0.319087,38.9,F
entropy_alpha_mean,0.574789,38.9,F
entropy_beta_mean,0.724231,38.9,F
entropy_delta_mean,0.459249,38.9,F
entropy_gamma_mean,0.846913,38.9,F
entropy_theta_mean,0.514426,38.9,F
exponent_mean,0.733476,38.9,F
offset_mean,-24.2702,38.9,F
periodic_alpha_mean,0.214976,38.9,F
periodic_beta_mean,0.0220777,38.9,F
periodic_delta_mean,0.147876,38.9,F
periodic_gamma_mean,0.0612412,38.9,F
periodic_theta_mean,0.106177,38.9,F
pw_alpha_mean,0.493665,38.9,F
bw_alpha_mean,1.78243,5.5,M
cf_alpha_mean,7.40273,5.5,M
connectivity_alpha_mean,0.34797,5.5,M
connectivity_beta_mean,0.351231,5.5,M
connectivity_delta_mean,0.327062,5.5,M
connectivity_gamma_mean,0.353242,5.5,M
connectivity_theta_mean,0.343591,5.5,M
entropy_alpha_mean,0.57511,5.5,M
entropy_beta_mean,0.719982,5.5,M
entropy_delta_mean,0.460439,5.5,M
entropy_gamma_mean,0.846718,5.5,M
entropy_theta_mean,0.517339,5.5,M
exponent_mean,0.810413,5.5,M
offset_mean,-22.6868,5.5,M
periodic_alpha_mean,0.212445,5.5,M
periodic_beta_mean,0.0317389,5.5,M
periodic_delta_mean,0.231227,5.5,M
periodic_gamma_mean,0.116202,5.5,M
periodic_theta_mean,0.163118,5.5,M
pw_alpha_mean,0.541667,5.5,M
bw_alpha_mean,2.23383,30.5,F
cf_alpha_mean,10.3491,30.5,F
connectivity_alpha_mean,0.353568,30.5,F
connectivity_beta_mean,0.346467,30.5,F
connectivity_delta_mean,0.330077,30.5,F
connectivity_gamma_mean,0.345275,30.5,F
connectivity_theta_mean,0.325879,30.5,F
entropy_alpha_mean,0.575923,30.5,F
entropy_beta_mean,0.72526,30.5,F
entropy_delta_mean,0.458972,30.5,F
entropy_gamma_mean,0.848013,30.5,F
entropy_theta_mean,0.515775,30.5,F
exponent_mean,0.972261,30.5,F
offset_mean,-24.6562,30.5,F
periodic_alpha_mean,0.352026,30.5,F
periodic_beta_mean,0.0287395,30.5,F
periodic_delta_mean,0.195927,30.5,F
periodic_gamma_mean,0.0923001,30.5,F
periodic_theta_mean,0.122035,30.5,F
pw_alpha_mean,0.194635,30.5,F
bw_alpha_mean,2.57901,22.6,M
cf_alpha_mean,9.31063,22.6,M
connectivity_alpha_mean,0.346383,22.6,M
connectivity_beta_mean,0.359067,22.6,M
connectivity_delta_mean,0.343179,22.6,M
connectivity_gamma_mean,0.345503,22.6,M
connectivity_theta_mean,0.322204,22.6,M
entropy_alpha_mean,0.578514,22.6,M
entropy_beta_mean,0.721495,22.6,M
entropy_delta_mean,0.459074,22.6,M
entropy_gamma_mean,0.849895,22.6,M
entropy_theta_mean,0.51492,22.6,M
exponent_mean,1.05343,22.6,M
offset_mean,-25.0933,22.6,M
periodic_alpha_mean,0.259445,22.6,M
periodic_beta_mean,0.0262511,22.6,M
periodic_delta_mean,0.103689,22.6,M
periodic_gamma_mean,0.0640277,22.6,M
periodic_theta_mean,-0.00386598,22.6,M
pw_alpha_mean,0.504475,22.6,M
bw_alpha_mean,1.70072,27.6,F
cf_alpha_mean,9.14437,27.6,F
connectivity_alpha_mean,0.360059,27.6,F
connectivity_beta_mean,0.344234,27.6,F
connectivity_delta_mean,0.332078,27.6,F
connectivity_gamma_mean,0.34311,27.6,F
connectivity_theta_mean,0.340058,27.6,F
entropy_alpha_mean,0.574053,27.6,F
entropy_beta_mean,0.715486,27.6,F
entropy_delta_mean,0.458909,27.6,F
entropy_gamma_mean,0.845859,27.6,F
entropy_theta_mean,0.51636,27.6,F
exponent_mean,1.00446,27.6,F
offset_mean,-24.3475,27.6,F
periodic_alpha_mean,0.456194,27.6,F
periodic_beta_mean,0.036547,27.6,F
periodic_delta_mean,0.13538,27.6,F
periodic_gamma_mean,0.08623,27.6,F
periodic_theta_mean,0.028953,27.6,F
pw_alpha_mean,0.277263,27.6,F
bw_alpha_mean,2.58173,27.9,M
cf_alpha_mean,9.97722,27.9,M
connectivity_alpha_mean,0.376958,27.9,M
connectivity_beta_mean,0.346313,27.9,M
connectivity_delta_mean,0.330534,27.9,M
connectivity_gamma_mean,0.347519,27.9,M
connectivity_theta_mean,0.327073,27.9,M
entropy_alpha_mean,0.576117,27.9,M
entropy_beta_mean,0.723435,27.9,M
entropy_delta_mean,0.458581,27.9,M
entropy_gamma_mean,0.8494,27.9,M
entropy_theta_mean,0.516099,27.9,M
exponent_mean,1.10329,27.9,M
offset_mean,-24.8545,27.9,M
periodic_alpha_mean,0.134159,27.9,M
periodic_beta_mean,0.00300682,27.9,M
periodic_delta_mean,0.349153,27.9,M
periodic_gamma_mean,0.0871644,27.9,M
periodic_theta_mean,0.0197811,27.9,M
pw_alpha_mean,0.254099,27.9,M
bw_alpha_mean,1.98416,17.9,F
cf_alpha_mean,8.97998,17.9,F
connectivity_alpha_mean,0.363654,17.9,F
connectivity_beta_mean,0.347692,17.9,F
connectivity_delta_mean,0.300976,17.9,F
connectivity_gamma_mean,0.346599,17.9,F
connectivity_theta_mean,0.323737,17.9,F
entropy_alpha_mean,0.573182,17.9,F
entropy_beta_mean,0.714311,17.9,F
entropy_delta_mean,0.458807,17.9,F
entropy_gamma_mean,0.848625,17.9,F
entropy_theta_mean,0.515363,17.9,F
exponent_mean,1.21656,17.9,F
offset_mean,-25.2916,17.9,F
periodic_alpha_mean,0.25697,17.9,F
periodic_beta_mean,0.0622555,17.9,F
periodic_delta_mean,0.162471,17.9,F
periodic_gamma_mean,0.0298424,17.9,F
periodic_theta_mean,0.101126,17.9,F
pw_alpha_mean,0.3487,17.9,F
